This is pdfTeX, Version 3.141592653-2.6-1.40.28 (MiKTeX 25.12) (preloaded format=pdflatex 2026.5.7)  26 JUL 2026 14:33
entering extended mode
 restricted \write18 enabled.
 file:line:error style messages enabled.
 %&-line parsing enabled.
**"c:/Users/Yasmin Moura/Documents/civitas-documentation/2025_ProjetoExtensaoFatec/extensao.tex"
(c:/Users/Yasmin Moura/Documents/civitas-documentation/2025_ProjetoExtensaoFatec/extensao.tex
LaTeX2e <2025-11-01>
L3 programming layer <2025-12-24>
(C:\Users\Yasmin Moura\AppData\Local\Programs\MiKTeX\tex/latex/abntex2\abntex2.cls
Document Class: abntex2 2018/11/24 v-1.9.7 abnTeX2
(C:\Users\Yasmin Moura\AppData\Local\Programs\MiKTeX\tex/latex/base\ifthen.sty
Package: ifthen 2024/03/16 v1.1e Standard LaTeX ifthen package (DPC)
) (C:\Users\Yasmin Moura\AppData\Local\Programs\MiKTeX\tex/latex/memoir\memoir.cls
Document Class: memoir 2025/11/04 v3.8.4b configurable book, report, article document class
(C:\Users\Yasmin Moura\AppData\Local\Programs\MiKTeX\tex/latex/xpatch\xpatch.sty (C:\Users\Yasmin Moura\AppData\Local\Programs\MiKTeX\tex/latex/l3kernel\expl3.sty
Package: expl3 2025-12-24 L3 programming layer (loader) 
 (C:\Users\Yasmin Moura\AppData\Local\Programs\MiKTeX\tex/latex/l3backend\l3backend-pdftex.def
File: l3backend-pdftex.def 2025-10-09 L3 backend support: PDF output (pdfTeX)
\l__color_backend_stack_int=\count275
))
Package: xpatch 2020/03/25 v0.3a Extending etoolbox patching commands
 (C:\Users\Yasmin Moura\AppData\Local\Programs\MiKTeX\tex/latex/l3packages/xparse\xparse.sty
Package: xparse 2025-10-09 L3 Experimental document command parser
) (C:\Users\Yasmin Moura\AppData\Local\Programs\MiKTeX\tex/latex/etoolbox\etoolbox.sty
Package: etoolbox 2025/10/02 v2.5m e-TeX tools for LaTeX (JAW)
\etb@tempcnta=\count276
))
\onelineskip=\skip49
\lxvchars=\skip50
\xlvchars=\skip51
\@memcnta=\count277
\c@@memmarkcntra=\count278
 (C:\Users\Yasmin Moura\AppData\Local\Programs\MiKTeX\tex/generic/iftex\iftex.sty
Package: iftex 2024/12/12 v1.0g TeX engine tests
)
\trimtop=\skip52
\trimedge=\skip53
 (C:\Users\Yasmin Moura\AppData\Local\Programs\MiKTeX\tex/latex/memoir\mem12.clo
File: mem12.clo 2022/07/29 v0.5 memoir class 12pt size option
)
\binding=\skip54
\spinemargin=\skip55
\foremargin=\skip56
\uppermargin=\skip57
\lowermargin=\skip58
\headdrop=\skip59
\normalrulethickness=\skip60
\mem@maxheadheight=\skip61
\mem@maxfootheight=\skip62
\headwidth=\skip63
\c@storedpagenumber=\count279
\memPD=\dimen148
\m@mabparskip=\skip64
\thanksmarkwidth=\skip65
\thanksmarksep=\skip66
\droptitle=\skip67
\c@book=\count280
\c@part=\count281
\c@chapter=\count282
\c@section=\count283
\c@subsection=\count284
\c@subsubsection=\count285
\c@paragraph=\count286
\c@subparagraph=\count287
\beforechapskip=\skip68
\midchapskip=\skip69
\afterchapskip=\skip70
\chapindent=\skip71
\bottomsectionskip=\skip72
\secindent=\skip73
\beforesecskip=\skip74
\aftersecskip=\skip75
\subsecindent=\skip76
\beforesubsecskip=\skip77
\aftersubsecskip=\skip78
\subsubsecindent=\skip79
\beforesubsubsecskip=\skip80
\aftersubsubsecskip=\skip81
\paraindent=\skip82
\beforeparaskip=\skip83
\afterparaskip=\skip84
\subparaindent=\skip85
\beforesubparaskip=\skip86
\aftersubparaskip=\skip87
\pfbreakskip=\skip88
\c@@ppsavesec=\count288
\c@@ppsaveapp=\count289
\ragrparindent=\dimen149
\everylistparindent=\dimen150
\parsepi=\skip89
\topsepi=\skip90
\itemsepi=\skip91
\parsepii=\skip92
\topsepii=\skip93
\topsepiii=\skip94
\itemsepii=\skip95
\itemsepiii=\skip96
\partopsepii=\skip97
\partopsepiii=\skip98
\m@msavetopsep=\skip99
\m@msavepartopsep=\skip100
\@enLab=\toks17
\abstitleskip=\skip101
\absleftindent=\skip102
\abs@leftindent=\dimen151
\absrightindent=\skip103
\absparindent=\skip104
\absparsep=\skip105
\c@vslineno=\count290
\c@poemline=\count291
\c@modulo@vs=\count292
\c@memfvsline=\count293
\vleftskip=\skip106
\vrightskip=\skip107
\stanzaskip=\skip108
\versewidth=\skip109
\vgap=\skip110
\vindent=\skip111
\vleftmargin=\dimen152
\c@verse=\count294
\c@chrsinstr=\count295
\beforepoemtitleskip=\skip112
\afterpoemtitleskip=\skip113
\c@poem=\count296
\beforePoemTitleskip=\skip114
\midPoemTitleskip=\skip115
\afterPoemTitleskip=\skip116
 (C:\Users\Yasmin Moura\AppData\Local\Programs\MiKTeX\tex/latex/tools\array.sty
Package: array 2025/09/25 v2.6n Tabular extension package (FMi)
\col@sep=\dimen153
\ar@mcellbox=\box53
\extrarowheight=\dimen154
\NC@list=\toks18
\extratabsurround=\skip117
\backup@length=\skip118
\ar@cellbox=\box54
) (C:\Users\Yasmin Moura\AppData\Local\Programs\MiKTeX\tex/latex/tools\dcolumn.sty
Package: dcolumn 2025/10/21 v1.06 decimal alignment package (DPC)
) (C:\Users\Yasmin Moura\AppData\Local\Programs\MiKTeX\tex/latex/tools\delarray.sty
Package: delarray 2014/10/28 v1.01 array delimiter package (DPC)
) (C:\Users\Yasmin Moura\AppData\Local\Programs\MiKTeX\tex/latex/tools\tabularx.sty
Package: tabularx 2023/12/11 v2.12a `tabularx' package (DPC)
\TX@col@width=\dimen155
\TX@old@table=\dimen156
\TX@old@col=\dimen157
\TX@target=\dimen158
\TX@delta=\dimen159
\TX@cols=\count297
\TX@ftn=\toks19
) (C:\Users\Yasmin Moura\AppData\Local\Programs\MiKTeX\tex/latex/booktabs\booktabs.sty
Package: booktabs 2020/01/12 v1.61803398 Publication quality tables
\heavyrulewidth=\dimen160
\lightrulewidth=\dimen161
\cmidrulewidth=\dimen162
\belowrulesep=\dimen163
\belowbottomsep=\dimen164
\aboverulesep=\dimen165
\abovetopsep=\dimen166
\cmidrulesep=\dimen167
\cmidrulekern=\dimen168
\defaultaddspace=\dimen169
\@cmidla=\count298
\@cmidlb=\count299
\@aboverulesep=\dimen170
\@belowrulesep=\dimen171
\@thisruleclass=\count300
\@lastruleclass=\count301
\@thisrulewidth=\dimen172
)
\ctableftskip=\skip119
\ctabrightskip=\skip120
\abovecolumnspenalty=\count302
\@linestogo=\count303
\@cellstogo=\count304
\@cellsincolumn=\count305
\crtok=\toks20
\@mincolumnwidth=\dimen173
\c@newflo@tctr=\count306
\mem@margin@floatbox=\box55
\@contcwidth=\skip121
\@contindw=\skip122
\abovecaptionskip=\skip123
\belowcaptionskip=\skip124
\subfloattopskip=\skip125
\subfloatcapskip=\skip126
\subfloatcaptopadj=\skip127
\subfloatbottomskip=\skip128
\subfloatlabelskip=\skip129
\subfloatcapmargin=\dimen174
\c@@contsubnum=\count307
\m@mscap@capbox=\box56
\m@mscap@fbox=\box57
\sidecapsep=\dimen175
\sidecapwidth=\dimen176
\m@m@tempdima=\dimen177
\m@mscapraise=\dimen178
\sidecapraise=\dimen179
\m@mscapmainwidth=\dimen180
\m@mscaplkern=\dimen181
\beforeepigraphskip=\skip130
\afterepigraphskip=\skip131
\epigraphwidth=\skip132
\epigraphrule=\skip133
 (C:\Users\Yasmin Moura\AppData\Local\Programs\MiKTeX\tex/latex/hyperref\nameref.sty
Package: nameref 2025-06-21 v2.57 Cross-referencing by name of section
 (C:\Users\Yasmin Moura\AppData\Local\Programs\MiKTeX\tex/latex/refcount\refcount.sty
Package: refcount 2019/12/15 v3.6 Data extraction from label references (HO)
 (C:\Users\Yasmin Moura\AppData\Local\Programs\MiKTeX\tex/generic/ltxcmds\ltxcmds.sty
Package: ltxcmds 2023-12-04 v1.26 LaTeX kernel commands for general use (HO)
) (C:\Users\Yasmin Moura\AppData\Local\Programs\MiKTeX\tex/generic/infwarerr\infwarerr.sty
Package: infwarerr 2019/12/03 v1.5 Providing info/warning/error messages (HO)
)) (C:\Users\Yasmin Moura\AppData\Local\Programs\MiKTeX\tex/generic/gettitlestring\gettitlestring.sty
Package: gettitlestring 2019/12/15 v1.6 Cleanup title references (HO)
 (C:\Users\Yasmin Moura\AppData\Local\Programs\MiKTeX\tex/latex/kvoptions\kvoptions.sty
Package: kvoptions 2022-06-15 v3.15 Key value format for package options (HO)
 (C:\Users\Yasmin Moura\AppData\Local\Programs\MiKTeX\tex/latex/graphics\keyval.sty
Package: keyval 2022/05/29 v1.15 key=value parser (DPC)
\KV@toks@=\toks21
) (C:\Users\Yasmin Moura\AppData\Local\Programs\MiKTeX\tex/latex/kvsetkeys\kvsetkeys.sty
Package: kvsetkeys 2022-10-05 v1.19 Key value parser (HO)
)))
\c@section@level=\count308
)
\tocentryskip=\skip134
\tocbaseline=\skip135
\cftparskip=\skip136
\cftbeforebookskip=\skip137
\cftbookindent=\dimen182
\cftbooknumwidth=\dimen183
\cftbeforepartskip=\skip138
\cftpartindent=\skip139
\cftpartnumwidth=\skip140
\cftbeforechapterskip=\skip141
\cftchapterindent=\skip142
\cftchapternumwidth=\skip143
\cftbeforesectionskip=\skip144
\cftsectionindent=\skip145
\cftsectionnumwidth=\skip146
\cftbeforesubsectionskip=\skip147
\cftsubsectionindent=\skip148
\cftsubsectionnumwidth=\skip149
\cftbeforesubsubsectionskip=\skip150
\cftsubsubsectionindent=\skip151
\cftsubsubsectionnumwidth=\skip152
\cftbeforeparagraphskip=\skip153
\cftparagraphindent=\skip154
\cftparagraphnumwidth=\skip155
\cftbeforesubparagraphskip=\skip156
\cftsubparagraphindent=\skip157
\cftsubparagraphnumwidth=\skip158
\prechapterprecisshift=\dimen184
\c@maxsecnumdepth=\count309
\bibindent=\dimen185
\bibitemsep=\skip159
\indexcolsep=\skip160
\indexrule=\skip161
\indexmarkstyle=\toks22
\@indexbox=\insert252
LaTeX Info: Redefining \raggedbottom on input line 8095.
LaTeX Info: Redefining \flushbottom on input line 8099.
\glossarycolsep=\dimen186
\glossaryrule=\dimen187
\sideparvshift=\skip162
\sideins=\insert251
\sidebartopsep=\skip163
\sidebarhsep=\skip164
\sidebarvsep=\skip165
\sidebarwidth=\skip166
\footmarkwidth=\skip167
\footmarksep=\skip168
\footparindent=\skip169
\footinsdim=\skip170
\footinsv@r=\insert250
\@mpfootinsv@r=\insert249
\m@m@k=\count310
\m@m@h=\dimen188
\m@mipn@skip=\skip171
\sidefootins=\insert248
\sidefootadjust=\skip172
\sidefootheight=\skip173
\sidefoothsep=\skip174
\sidefootvsep=\skip175
\sidefootwidth=\skip176
\m@mdownsf=\skip177
\c@sidefootnote=\count311
\sidefootmarkwidth=\skip178
\sidefootmarksep=\skip179
\sidefootparindent=\skip180
\c@pagenote=\count312
\c@pagenoteshadow=\count313
\mem@pn@lastkern=\skip181
 (C:\Users\Yasmin Moura\AppData\Local\Programs\MiKTeX\tex/latex/tools\verbatim.sty
Package: verbatim 2024-01-22 v1.5x LaTeX2e package for verbatim enhancements
\every@verbatim=\toks23
\verbatim@line=\toks24
\verbatim@in@stream=\read2
)
\verbatimindent=\skip182
\verbatim@out=\write3
 (C:\Users\Yasmin Moura\AppData\Local\Programs\MiKTeX\tex/latex/base\shortvrb.sty
Package: shortvrb 2024/12/25 v3.0q Standard LaTeX documentation package V3 (FMi)
)
\bvboxsep=\skip183
\c@memfbvline=\count314
\c@bvlinectr=\count315
\bvnumlength=\skip184
\fb@frw=\dimen189
\fb@frh=\dimen190
\FrameRule=\dimen191
\FrameSep=\dimen192
\c@cp@cntr=\count316
\c@ism@mctr=\count317
\c@xsm@mctr=\count318
\c@csm@mctr=\count319
\c@ksm@mctr=\count320
\c@xksm@mctr=\count321
\c@cksm@mctr=\count322
\c@msm@mctr=\count323
\c@xmsm@mctr=\count324
\c@cmsm@mctr=\count325
\c@bsm@mctr=\count326
\c@workm@mctr=\count327
\c@sheetsequence=\count328
\c@lastsheet=\count329
\c@lastpage=\count330
\c@figure=\count331
\c@lofdepth=\count332
\cftbeforefigureskip=\skip185
\cftfigureindent=\skip186
\cftfigurenumwidth=\skip187
\c@table=\count333
\c@lotdepth=\count334
\cftbeforetableskip=\skip188
\cfttableindent=\skip189
\cfttablenumwidth=\skip190
Package abstract [2008/07/23] emulated by memoir.
Package appendix [2008/07/23] emulated by memoir.
Package ccaption [2008/07/23] emulated by memoir.
Package changepage [2008/07/23] emulated by memoir.
Package chngcntr [2008/07/23] emulated by memoir.
Package chngpage [2008/07/23] emulated by memoir.
Package crop emulated by memoir.
Package enumerate [2008/07/23] emulated by memoir.
Package epigraph [2008/07/23] emulated by memoir.
Package ifmtarg [2008/07/23] emulated by memoir.
Package index [2008/07/23] emulated by memoir.
Package makeidx [2008/07/23] emulated by memoir.
Package moreverb [2008/07/23] emulated by memoir.
Package needspace [2008/07/23] emulated by memoir.
Package newfile [2008/07/23] emulated by memoir.
Package nextpage [2008/07/23] emulated by memoir.
Package pagenote [2008/07/23] emulated by memoir.
Package parskip [2008/07/23] emulated by memoir.
Package patchcmd [2008/07/23] emulated by memoir.
Package setspace [2008/07/23] emulated by memoir.
Package showidx [2008/07/23] emulated by memoir.
Package titleref [2008/07/23] emulated by memoir.
Package titling [2008/07/23] emulated by memoir.
Package tocbibind [2008/07/23] emulated by memoir.
Package tocloft [2008/07/23] emulated by memoir.
Package tocvsec2 [2008/07/23] emulated by memoir.
Package verse [2008/07/23] emulated by memoir.
) (C:\Users\Yasmin Moura\AppData\Local\Programs\MiKTeX\tex/latex/textcase\textcase.sty
Package: textcase 2025/02/16 v1.05 Text only upper/lower case changing (DPC)
Package textcase Info: Defining Legacy names on input line 20.
) (C:\Users\Yasmin Moura\AppData\Local\Programs\MiKTeX\tex/latex/hyperref\hyperref.sty
Package: hyperref 2025-07-12 v7.01o Hypertext links for LaTeX
 (C:\Users\Yasmin Moura\AppData\Local\Programs\MiKTeX\tex/generic/kvdefinekeys\kvdefinekeys.sty
Package: kvdefinekeys 2019-12-19 v1.6 Define keys (HO)
) (C:\Users\Yasmin Moura\AppData\Local\Programs\MiKTeX\tex/generic/pdfescape\pdfescape.sty
Package: pdfescape 2019/12/09 v1.15 Implements pdfTeX's escape features (HO)
 (C:\Users\Yasmin Moura\AppData\Local\Programs\MiKTeX\tex/generic/pdftexcmds\pdftexcmds.sty
Package: pdftexcmds 2020-06-27 v0.33 Utility functions of pdfTeX for LuaTeX (HO)
Package pdftexcmds Info: \pdf@primitive is available.
Package pdftexcmds Info: \pdf@ifprimitive is available.
Package pdftexcmds Info: \pdfdraftmode found.
)) (C:\Users\Yasmin Moura\AppData\Local\Programs\MiKTeX\tex/latex/hycolor\hycolor.sty
Package: hycolor 2020-01-27 v1.10 Color options for hyperref/bookmark (HO)
) (C:\Users\Yasmin Moura\AppData\Local\Programs\MiKTeX\tex/generic/stringenc\stringenc.sty
Package: stringenc 2019/11/29 v1.12 Convert strings between diff. encodings (HO)
)
\@linkdim=\dimen193
\Hy@linkcounter=\count335
\Hy@pagecounter=\count336
 (C:\Users\Yasmin Moura\AppData\Local\Programs\MiKTeX\tex/latex/hyperref\pd1enc.def
File: pd1enc.def 2025-07-12 v7.01o Hyperref: PDFDocEncoding definition (HO)
Now handling font encoding PD1 ...
... no UTF-8 mapping file for font encoding PD1
) (C:\Users\Yasmin Moura\AppData\Local\Programs\MiKTeX\tex/generic/intcalc\intcalc.sty
Package: intcalc 2019/12/15 v1.3 Expandable calculations with integers (HO)
)
\Hy@SavedSpaceFactor=\count337
 (C:\Users\Yasmin Moura\AppData\Local\Programs\MiKTeX\tex/latex/hyperref\puenc.def
File: puenc.def 2025-07-12 v7.01o Hyperref: PDF Unicode definition (HO)
Now handling font encoding PU ...
... no UTF-8 mapping file for font encoding PU
)
Package hyperref Info: Hyper figures OFF on input line 4195.
Package hyperref Info: Link nesting OFF on input line 4200.
Package hyperref Info: Hyper index ON on input line 4203.
Package hyperref Info: Plain pages OFF on input line 4210.
Package hyperref Info: Backreferencing OFF on input line 4215.
Package hyperref Info: Implicit mode ON; LaTeX internals redefined.
Package hyperref Info: Bookmarks ON on input line 4462.
\c@Hy@tempcnt=\count338
 (C:\Users\Yasmin Moura\AppData\Local\Programs\MiKTeX\tex/latex/url\url.sty
\Urlmuskip=\muskip17
Package: url 2013/09/16  ver 3.4  Verb mode for urls, etc.
)
LaTeX Info: Redefining \url on input line 4801.
\XeTeXLinkMargin=\dimen194
 (C:\Users\Yasmin Moura\AppData\Local\Programs\MiKTeX\tex/generic/bitset\bitset.sty
Package: bitset 2019/12/09 v1.3 Handle bit-vector datatype (HO)
 (C:\Users\Yasmin Moura\AppData\Local\Programs\MiKTeX\tex/generic/bigintcalc\bigintcalc.sty
Package: bigintcalc 2019/12/15 v1.5 Expandable calculations on big integers (HO)
))
\Fld@menulength=\count339
\Field@Width=\dimen195
\Fld@charsize=\dimen196
Package hyperref Info: Hyper figures OFF on input line 6078.
Package hyperref Info: Link nesting OFF on input line 6083.
Package hyperref Info: Hyper index ON on input line 6086.
Package hyperref Info: backreferencing OFF on input line 6093.
Package hyperref Info: Link coloring OFF on input line 6098.
Package hyperref Info: Link coloring with OCG OFF on input line 6103.
Package hyperref Info: PDF/A mode OFF on input line 6108.
\Hy@abspage=\count340
\c@Item=\count341
\c@Hfootnote=\count342
)
Package hyperref Info: Driver (autodetected): hpdftex.
 (C:\Users\Yasmin Moura\AppData\Local\Programs\MiKTeX\tex/latex/hyperref\hpdftex.def
File: hpdftex.def 2025-07-12 v7.01o Hyperref driver for pdfTeX
\Fld@listcount=\count343
\c@bookmark@seq@number=\count344
 (C:\Users\Yasmin Moura\AppData\Local\Programs\MiKTeX\tex/latex/rerunfilecheck\rerunfilecheck.sty
Package: rerunfilecheck 2025-06-21 v1.11 Rerun checks for auxiliary files (HO)
 (C:\Users\Yasmin Moura\AppData\Local\Programs\MiKTeX\tex/generic/uniquecounter\uniquecounter.sty
Package: uniquecounter 2019/12/15 v1.4 Provide unlimited unique counter (HO)
)
Package uniquecounter Info: New unique counter `rerunfilecheck' on input line 284.
)
\Hy@SectionHShift=\skip191
) (C:\Users\Yasmin Moura\AppData\Local\Programs\MiKTeX\tex/latex/memoir\memhfixc.sty
Package: memhfixc 2025/09/16 v1.24 hyperref package fixes for memoir class
\c@memhycontfloat=\count345
\c@mem@Hpagenote=\count346
) (C:\Users\Yasmin Moura\AppData\Local\Programs\MiKTeX\tex/latex/bookmark\bookmark.sty
Package: bookmark 2026-05-21 v1.32 PDF bookmarks (HO)
 (C:\Users\Yasmin Moura\AppData\Local\Programs\MiKTeX\tex/latex/bookmark\bkm-pdftex.def
File: bkm-pdftex.def 2026-05-21 v1.32 bookmark driver for pdfTeX (HO)
\BKM@id=\count347
)) (C:\Users\Yasmin Moura\AppData\Local\Programs\MiKTeX\tex/generic/babel\babel.sty
Package: babel 2025/12/11 v25.17 The multilingual framework for LuaLaTeX, pdfLaTeX and XeLaTeX
\babel@savecnt=\count348
LaTeX Encoding Info:    Redeclaring text command \ij (encoding OT1) on input line 2068.
LaTeX Encoding Info:    Redeclaring text command \IJ (encoding OT1) on input line 2070.
LaTeX Encoding Info:    Redeclaring text command \ij (encoding T1) on input line 2072.
LaTeX Encoding Info:    Redeclaring text command \IJ (encoding T1) on input line 2073.
LaTeX Encoding Info:    Ignoring declaration for text command \ij (encoding ?) on input line 2074.
LaTeX Encoding Info:    Ignoring declaration for text command \IJ (encoding ?) on input line 2076.
LaTeX Encoding Info:    Ignoring declaration for text command \SS (encoding ?) on input line 2101.
\U@D=\dimen197
\l@unhyphenated=\language79
 (C:\Users\Yasmin Moura\AppData\Local\Programs\MiKTeX\tex/generic/babel\txtbabel.def)
\bbl@readstream=\read3
\bbl@dirlevel=\count349
Package babel Info: Configuration files are deprecated, as
(babel)             they can break document portability.
(babel)             Reported on input line 4196.

*************************************
* Local config file bblopts.cfg used
*
(C:\Users\Yasmin Moura\AppData\Local\Programs\MiKTeX\tex/latex/arabi\bblopts.cfg
File: bblopts.cfg 2005/09/08 v0.1 add Arabic and Farsi to "declared" options of babel
) (C:\Users\Yasmin Moura\AppData\Local\Programs\MiKTeX\tex/generic/babel/locale/en\babel-english.tex) (C:\Users\Yasmin Moura\AppData\Local\Programs\MiKTeX\tex/generic/babel/locale/invalid\babel-brazil.tex)
Package babel Info: Importing font and identification data for english
(babel)             from babel-en.ini. Reported on input line 4320.
 (C:\Users\Yasmin Moura\AppData\Local\Programs\MiKTeX\tex/latex/babel-english\english.ldf
Language: english 2017/06/06 v3.3r English support from the babel system
Package babel Info: Hyphen rules for 'canadian' set to \l@english
(babel)             (\language0). Reported on input line 102.
Package babel Info: Hyphen rules for 'australian' set to \l@ukenglish
(babel)             (\language73). Reported on input line 105.
Package babel Info: Hyphen rules for 'newzealand' set to \l@ukenglish
(babel)             (\language73). Reported on input line 108.
)

Package babel Warning: Name 'brazil' is deprecated.
(babel)                Use 'brazilian' instead.
(babel)                Reported on input line 4320.

Package babel Info: Importing font and identification data for brazil
(babel)             from babel-pt-BR.ini. Reported on input line 4320.
(C:\Users\Yasmin Moura\AppData\Local\Programs\MiKTeX\tex/latex/babel-portuges\brazilian.ldf
Language: portuges 2026/01/24 v1.2u Portuguese support from the babel system
Package babel Info: Hyphen rules for 'brazil' set to \l@portuguese
(babel)             (\language56). Reported on input line 100.
Package babel Info: Making " an active character on input line 132.
)) (C:\Users\Yasmin Moura\AppData\Local\Programs\MiKTeX\tex/latex/enumitem\enumitem.sty
Package: enumitem 2025/02/06 v3.11 Customized lists
\labelindent=\skip192
\enit@outerparindent=\dimen198
\enit@toks=\toks25
\enit@inbox=\box58
\enit@count@id=\count350
\enitdp@description=\count351
) (C:\Users\Yasmin Moura\AppData\Local\Programs\MiKTeX\tex/latex/tools\calc.sty
Package: calc 2025/03/01 v4.3b Infix arithmetic (KKT,FJ)
\calc@Acount=\count352
\calc@Bcount=\count353
\calc@Adimen=\dimen199
\calc@Bdimen=\dimen256
\calc@Askip=\skip193
\calc@Bskip=\skip194
LaTeX Info: Redefining \setlength on input line 86.
LaTeX Info: Redefining \addtolength on input line 87.
\calc@Ccount=\count354
\calc@Cskip=\skip195
)

******************************************************
Stock height and width: 845.04684pt by 597.50787pt
Top and edge trims: 0pt and 0pt
Page height and width: 845.04684pt by 597.50787pt
Text height and width: 708pt by 455pt
Spine and edge margins: 85.35826pt and 56.9055pt
Upper and lower margins: 85.35826pt and 51.68858pt
Headheight and headsep: 14.5pt and 19.8738pt
Footskip: 30pt
Columnsep and columnseprule: 10pt and 0pt
Marginparsep and marginparwidth: 7pt and 42.9055pt
Sidecapsep and sidecapwidth: 7pt and 42pt
Sidebarhsep and sidebarwidth: 7pt and 42pt
Sidebarvsep and sidebartopsep: 14.5pt and 0pt
Sidebarheight: 590.14995pt
Sidefoothsep and sidefootwidth: 7pt and 42pt
Sidefootvsep and sidefootheight: 14.5pt and 590.14995pt
******************************************************

\c@abntex@bookmarkcounter=\count355
\cftlastnumwidth=\skip196

Class memoir Warning: \settocpreprocessor is marked deprecated and will be
(memoir)              removed in 2026, the problem it tried to solve 
(memoir)              (see manual, section 9.2.3),
(memoir)              has been fixed in the kernel, and the feature is
(memoir)              no longer needed. on input line 483.

\chapternamenumlength=\skip197
\ABNTEXcitacaorecuo=\skip198
\c@alineasi=\count356
\c@alineasii=\count357
\enitdp@alineas=\count358
\c@subalineasi=\count359
\enitdp@subalineas=\count360
\c@incisosi=\count361
\enitdp@incisos=\count362
\ABNTEXsignwidth=\skip199
\ABNTEXsignthickness=\skip256
\ABNTEXsignskip=\skip257
) (C:\Users\Yasmin Moura\AppData\Local\Programs\MiKTeX\tex/latex/base\fontenc.sty
Package: fontenc 2025/07/18 v2.1d Standard LaTeX package
) (C:\Users\Yasmin Moura\AppData\Local\Programs\MiKTeX\tex/latex/base\inputenc.sty
Package: inputenc 2024/02/08 v1.3d Input encoding file
\inpenc@prehook=\toks26
\inpenc@posthook=\toks27
) (C:\Users\Yasmin Moura\AppData\Local\Programs\MiKTeX\tex/latex/lastpage\lastpage.sty
Package: lastpage 2025/08/14 v2.1h lastpage: 2.09 or 2e? (HMM)
 (C:\Users\Yasmin Moura\AppData\Local\Programs\MiKTeX\tex/latex/lastpage\lastpage2e.sty
Package: lastpage2e 2025/08/14 v2.1h Decide which 2e lastpage version to use (HMM)
 (C:\Users\Yasmin Moura\AppData\Local\Programs\MiKTeX\tex/latex/lastpage\lastpagemodern.sty
Package: lastpagemodern 2025-08-14 v2.1h Refers to last page's name (HMM; JPG)
\c@lastpagecount=\count363
) 
)) (C:\Users\Yasmin Moura\AppData\Local\Programs\MiKTeX\tex/latex/tools\indentfirst.sty
Package: indentfirst 2023/07/02 v1.03 Indent first paragraph (DPC)
) (C:\Users\Yasmin Moura\AppData\Local\Programs\MiKTeX\tex/latex/graphics\graphicx.sty
Package: graphicx 2024/12/31 v1.2e Enhanced LaTeX Graphics (DPC,SPQR)
 (C:\Users\Yasmin Moura\AppData\Local\Programs\MiKTeX\tex/latex/graphics\graphics.sty
Package: graphics 2024/08/06 v1.4g Standard LaTeX Graphics (DPC,SPQR)
 (C:\Users\Yasmin Moura\AppData\Local\Programs\MiKTeX\tex/latex/graphics\trig.sty
Package: trig 2023/12/02 v1.11 sin cos tan (DPC)
) (C:\Users\Yasmin Moura\AppData\Local\Programs\MiKTeX\tex/latex/graphics-cfg\graphics.cfg
File: graphics.cfg 2016/06/04 v1.11 sample graphics configuration
)
Package graphics Info: Driver file: pdftex.def on input line 106.
 (C:\Users\Yasmin Moura\AppData\Local\Programs\MiKTeX\tex/latex/graphics-def\pdftex.def
File: pdftex.def 2025/09/29 v1.2d Graphics/color driver for pdftex
))
\Gin@req@height=\dimen257
\Gin@req@width=\dimen258
) (C:\Users\Yasmin Moura\AppData\Local\Programs\MiKTeX\tex/latex/csquotes\csquotes.sty
Package: csquotes 2026-05-19 v5.2p context-sensitive quotations (JAW)
\csq@reset=\count364
\csq@gtype=\count365
\csq@glevel=\count366
\csq@qlevel=\count367
\csq@maxlvl=\count368
\csq@tshold=\count369
\csq@ltx@everypar=\toks28
 (C:\Users\Yasmin Moura\AppData\Local\Programs\MiKTeX\tex/latex/csquotes\csquotes.def
File: csquotes.def 2026-05-19 v5.2p csquotes generic definitions (JAW)
)
Package csquotes Info: Trying to load configuration file 'csquotes.cfg'...
Package csquotes Info: ... configuration file loaded successfully.
 (C:\Users\Yasmin Moura\AppData\Local\Programs\MiKTeX\tex/latex/csquotes\csquotes.cfg
File: csquotes.cfg 
)) (C:\Users\Yasmin Moura\AppData\Local\Programs\MiKTeX\tex/latex/caption\subcaption.sty
Package: subcaption 2023/07/28 v1.6b Sub-captions (AR)
 (C:\Users\Yasmin Moura\AppData\Local\Programs\MiKTeX\tex/latex/caption\caption.sty
Package: caption 2023/08/05 v3.6o Customizing captions (AR)
 (C:\Users\Yasmin Moura\AppData\Local\Programs\MiKTeX\tex/latex/caption\caption3.sty
Package: caption3 2023/07/31 v2.4d caption3 kernel (AR)
\caption@tempdima=\dimen259
\captionmargin=\dimen260
\caption@leftmargin=\dimen261
\caption@rightmargin=\dimen262
\caption@width=\dimen263
\caption@indent=\dimen264
\caption@parindent=\dimen265
\caption@hangindent=\dimen266
Package caption Info: memoir document class detected.
 (C:\Users\Yasmin Moura\AppData\Local\Programs\MiKTeX\tex/latex/caption\caption-memoir.sto
File: caption-memoir.sto 2023/09/08 v2.2c Adaption of the caption package to the memoir document class (AR)
))
\c@caption@flags=\count370
\c@continuedfloat=\count371
Package caption Info: changepage package is loaded.
\caption@adjustwidth@hsize=\dimen267
\caption@adjustwidth@linewidth=\dimen268
Package caption Info: hyperref package is loaded.
)
Package caption Info: New subtype `subfigure' on input line 238.
\c@subfigure=\count372
Package caption Info: New subtype `subtable' on input line 238.
\c@subtable=\count373
) (C:\Users\Yasmin Moura\AppData\Local\Programs\MiKTeX\tex/latex/newfloat\newfloat.sty
Package: newfloat 2023/10/01 v1.2 Defining new floating environments (AR)
) (C:\Users\Yasmin Moura\AppData\Local\Programs\MiKTeX\tex/latex/float\float.sty
Package: float 2001/11/08 v1.3d Float enhancements (AL)
\c@float@type=\count374
\float@exts=\toks29
\float@box=\box59
\@float@everytoks=\toks30
\@floatcapt=\box60
) (C:\Users\Yasmin Moura\AppData\Local\Programs\MiKTeX\tex/latex/tools\longtable.sty
Package: longtable 2025-10-13 v4.24 Multi-page Table package (DPC)
\LTleft=\skip258
\LTright=\skip259
\LTpre=\skip260
\LTpost=\skip261
\LTchunksize=\count375
\LTcapwidth=\dimen269
\LT@head=\box61
\LT@firsthead=\box62
\LT@foot=\box63
\LT@lastfoot=\box64
\LT@gbox=\box65
\LT@cols=\count376
\LT@rows=\count377
\c@LT@tables=\count378
\c@LT@chunks=\count379
\LT@p@ftn=\toks31
) (C:\Users\Yasmin Moura\AppData\Local\Programs\MiKTeX\tex/latex/ragged2e\ragged2e.sty
Package: ragged2e 2023/06/22 v3.6 ragged2e Package
\CenteringLeftskip=\skip262
\RaggedLeftLeftskip=\skip263
\RaggedRightLeftskip=\skip264
\CenteringRightskip=\skip265
\RaggedLeftRightskip=\skip266
\RaggedRightRightskip=\skip267
\CenteringParfillskip=\skip268
\RaggedLeftParfillskip=\skip269
\RaggedRightParfillskip=\skip270
\JustifyingParfillskip=\skip271
\CenteringParindent=\skip272
\RaggedLeftParindent=\skip273
\RaggedRightParindent=\skip274
\JustifyingParindent=\skip275
)
Package newfloat Info: New float `quadro' with options `fileext=loq,placement=H' on input line 53.
\c@quadro=\count380
Package newfloat Info: float type `quadro'=4 on input line 53.
\c@loqdepth=\count381
Package caption Info: New subtype `subquadro' on input line 53.
\c@subquadro=\count382
 (C:\Users\Yasmin Moura\AppData\Local\Programs\MiKTeX\tex/latex/lm\lmodern.sty
Package: lmodern 2015/05/01 v1.6.1 Latin Modern Fonts
LaTeX Font Info:    Overwriting symbol font `operators' in version `normal'
(Font)                  OT1/cmr/m/n --> OT1/lmr/m/n on input line 22.
LaTeX Font Info:    Overwriting symbol font `letters' in version `normal'
(Font)                  OML/cmm/m/it --> OML/lmm/m/it on input line 23.
LaTeX Font Info:    Overwriting symbol font `symbols' in version `normal'
(Font)                  OMS/cmsy/m/n --> OMS/lmsy/m/n on input line 24.
LaTeX Font Info:    Overwriting symbol font `largesymbols' in version `normal'
(Font)                  OMX/cmex/m/n --> OMX/lmex/m/n on input line 25.
LaTeX Font Info:    Overwriting symbol font `operators' in version `bold'
(Font)                  OT1/cmr/bx/n --> OT1/lmr/bx/n on input line 26.
LaTeX Font Info:    Overwriting symbol font `letters' in version `bold'
(Font)                  OML/cmm/b/it --> OML/lmm/b/it on input line 27.
LaTeX Font Info:    Overwriting symbol font `symbols' in version `bold'
(Font)                  OMS/cmsy/b/n --> OMS/lmsy/b/n on input line 28.
LaTeX Font Info:    Overwriting symbol font `largesymbols' in version `bold'
(Font)                  OMX/cmex/m/n --> OMX/lmex/m/n on input line 29.
LaTeX Font Info:    Overwriting math alphabet `\mathbf' in version `normal'
(Font)                  OT1/cmr/bx/n --> OT1/lmr/bx/n on input line 31.
LaTeX Font Info:    Overwriting math alphabet `\mathsf' in version `normal'
(Font)                  OT1/cmss/m/n --> OT1/lmss/m/n on input line 32.
LaTeX Font Info:    Overwriting math alphabet `\mathit' in version `normal'
(Font)                  OT1/cmr/m/it --> OT1/lmr/m/it on input line 33.
LaTeX Font Info:    Overwriting math alphabet `\mathtt' in version `normal'
(Font)                  OT1/cmtt/m/n --> OT1/lmtt/m/n on input line 34.
LaTeX Font Info:    Overwriting math alphabet `\mathbf' in version `bold'
(Font)                  OT1/cmr/bx/n --> OT1/lmr/bx/n on input line 35.
LaTeX Font Info:    Overwriting math alphabet `\mathsf' in version `bold'
(Font)                  OT1/cmss/bx/n --> OT1/lmss/bx/n on input line 36.
LaTeX Font Info:    Overwriting math alphabet `\mathit' in version `bold'
(Font)                  OT1/cmr/bx/it --> OT1/lmr/bx/it on input line 37.
LaTeX Font Info:    Overwriting math alphabet `\mathtt' in version `bold'
(Font)                  OT1/cmtt/m/n --> OT1/lmtt/m/n on input line 38.
) (C:\Users\Yasmin Moura\AppData\Local\Programs\MiKTeX\tex/latex/microtype\microtype.sty
Package: microtype 2026/03/01 v3.2d Micro-typographical refinements (RS)
\MT@toks=\toks32
\MT@tempbox=\box66
\MT@count=\count383
LaTeX Info: Redefining \noprotrusionifhmode on input line 1084.
LaTeX Info: Redefining \leftprotrusion on input line 1085.
\MT@prot@toks=\toks33
LaTeX Info: Redefining \rightprotrusion on input line 1104.
LaTeX Info: Redefining \textls on input line 1449.
\MT@outer@kern=\dimen270
LaTeX Info: Redefining \microtypecontext on input line 2053.
LaTeX Info: Redefining \textmicrotypecontext on input line 2070.
\MT@listname@count=\count384
 (C:\Users\Yasmin Moura\AppData\Local\Programs\MiKTeX\tex/latex/microtype\microtype-pdftex.def
File: microtype-pdftex.def 2026/03/01 v3.2d Definitions specific to pdftex (RS)
LaTeX Info: Redefining \lsstyle on input line 944.
LaTeX Info: Redefining \lslig on input line 944.
\MT@outer@space=\skip276
)
Package microtype Info: Loading configuration file microtype.cfg.
 (C:\Users\Yasmin Moura\AppData\Local\Programs\MiKTeX\tex/latex/microtype\microtype.cfg
File: microtype.cfg 2026/03/01 v3.2d microtype main configuration file (RS)
)
LaTeX Info: Redefining \microtypesetup on input line 3065.
) (C:\Users\Yasmin Moura\AppData\Local\Programs\MiKTeX\tex/latex/xcolor\xcolor.sty
Package: xcolor 2024/09/29 v3.02 LaTeX color extensions (UK)
 (C:\Users\Yasmin Moura\AppData\Local\Programs\MiKTeX\tex/latex/graphics-cfg\color.cfg
File: color.cfg 2016/01/02 v1.6 sample color configuration
)
Package xcolor Info: Driver file: pdftex.def on input line 274.
 (C:\Users\Yasmin Moura\AppData\Local\Programs\MiKTeX\tex/latex/graphics\mathcolor.ltx)
Package xcolor Info: Model `cmy' substituted by `cmy0' on input line 1349.
Package xcolor Info: Model `hsb' substituted by `rgb' on input line 1353.
Package xcolor Info: Model `RGB' extended on input line 1365.
Package xcolor Info: Model `HTML' substituted by `rgb' on input line 1367.
Package xcolor Info: Model `Hsb' substituted by `hsb' on input line 1368.
Package xcolor Info: Model `tHsb' substituted by `hsb' on input line 1369.
Package xcolor Info: Model `HSB' substituted by `hsb' on input line 1370.
Package xcolor Info: Model `Gray' substituted by `gray' on input line 1371.
Package xcolor Info: Model `wave' substituted by `hsb' on input line 1372.
) (C:\Users\Yasmin Moura\AppData\Local\Programs\MiKTeX\tex/latex/listings\listings.sty
\lst@mode=\count385
\lst@gtempboxa=\box67
\lst@token=\toks34
\lst@length=\count386
\lst@currlwidth=\dimen271
\lst@column=\count387
\lst@pos=\count388
\lst@lostspace=\dimen272
\lst@width=\dimen273
\lst@newlines=\count389
\lst@lineno=\count390
\lst@maxwidth=\dimen274
 (C:\Users\Yasmin Moura\AppData\Local\Programs\MiKTeX\tex/latex/listings\lstpatch.sty
File: lstpatch.sty 2025/11/14 1.11b (Carsten Heinz)
) (C:\Users\Yasmin Moura\AppData\Local\Programs\MiKTeX\tex/latex/listings\lstmisc.sty
File: lstmisc.sty 2025/11/14 1.11b (Carsten Heinz)
\c@lstnumber=\count391
\lst@skipnumbers=\count392
\lst@framebox=\box68
) (C:\Users\Yasmin Moura\AppData\Local\Programs\MiKTeX\tex/latex/listings\listings.cfg
File: listings.cfg 2025/11/14 1.11b listings configuration
))
Package: listings 2025/11/14 1.11b (Carsten Heinz)

==> First Aid for listings.sty no longer applied!
    Expected:
        2024/09/23 1.10c (Carsten Heinz)
    but found:
        2025/11/14 1.11b (Carsten Heinz)
    so I'm assuming it got fixed.
(C:\Users\Yasmin Moura\AppData\Local\Programs\MiKTeX\tex/latex/lipsum\lipsum.sty (C:\Users\Yasmin Moura\AppData\Local\Programs\MiKTeX\tex/latex/l3packages/l3keys2e\l3keys2e.sty
Package: l3keys2e 2025-10-09 LaTeX2e option processing using LaTeX3 keys
)
Package: lipsum 2021-09-20 v2.7 150 paragraphs of Lorem Ipsum dummy text
\g__lipsum_par_int=\count393
\l__lipsum_a_int=\count394
\l__lipsum_b_int=\count395
 (C:\Users\Yasmin Moura\AppData\Local\Programs\MiKTeX\tex/latex/lipsum\lipsum.ltd.tex)) (C:\Users\Yasmin Moura\AppData\Local\Programs\MiKTeX\tex/latex/amsmath\amsmath.sty
Package: amsmath 2025/07/09 v2.17z AMS math features
\@mathmargin=\skip277

For additional information on amsmath, use the `?' option.
(C:\Users\Yasmin Moura\AppData\Local\Programs\MiKTeX\tex/latex/amsmath\amstext.sty
Package: amstext 2024/11/17 v2.01 AMS text
 (C:\Users\Yasmin Moura\AppData\Local\Programs\MiKTeX\tex/latex/amsmath\amsgen.sty
File: amsgen.sty 1999/11/30 v2.0 generic functions
\@emptytoks=\toks35
\ex@=\dimen275
)) (C:\Users\Yasmin Moura\AppData\Local\Programs\MiKTeX\tex/latex/amsmath\amsbsy.sty
Package: amsbsy 1999/11/29 v1.2d Bold Symbols
\pmbraise@=\dimen276
) (C:\Users\Yasmin Moura\AppData\Local\Programs\MiKTeX\tex/latex/amsmath\amsopn.sty
Package: amsopn 2022/04/08 v2.04 operator names
)
\inf@bad=\count396
LaTeX Info: Redefining \frac on input line 233.
\uproot@=\count397
\leftroot@=\count398
LaTeX Info: Redefining \overline on input line 398.
LaTeX Info: Redefining \colon on input line 409.
\classnum@=\count399
\DOTSCASE@=\count400
LaTeX Info: Redefining \ldots on input line 495.
LaTeX Info: Redefining \dots on input line 498.
LaTeX Info: Redefining \cdots on input line 619.
\Mathstrutbox@=\box69
\strutbox@=\box70
LaTeX Info: Redefining \big on input line 721.
LaTeX Info: Redefining \Big on input line 722.
LaTeX Info: Redefining \bigg on input line 723.
LaTeX Info: Redefining \Bigg on input line 724.
\big@size=\dimen277
LaTeX Font Info:    Redeclaring font encoding OML on input line 742.
LaTeX Font Info:    Redeclaring font encoding OMS on input line 743.
\macc@depth=\count401
LaTeX Info: Redefining \bmod on input line 904.
LaTeX Info: Redefining \pmod on input line 909.
LaTeX Info: Redefining \smash on input line 939.
LaTeX Info: Redefining \relbar on input line 969.
LaTeX Info: Redefining \Relbar on input line 970.
\c@MaxMatrixCols=\count402
\dotsspace@=\muskip18
\c@parentequation=\count403
\dspbrk@lvl=\count404
\tag@help=\toks36
\row@=\count405
\column@=\count406
\maxfields@=\count407
\andhelp@=\toks37
\eqnshift@=\dimen278
\alignsep@=\dimen279
\tagshift@=\dimen280
\tagwidth@=\dimen281
\totwidth@=\dimen282
\lineht@=\dimen283
\@envbody=\toks38
\multlinegap=\skip278
\multlinetaggap=\skip279
\mathdisplay@stack=\toks39
LaTeX Info: Redefining \[ on input line 2950.
LaTeX Info: Redefining \] on input line 2951.
) (C:\Users\Yasmin Moura\AppData\Local\Programs\MiKTeX\tex/latex/amsfonts\amssymb.sty
Package: amssymb 2013/01/14 v3.01 AMS font symbols
 (C:\Users\Yasmin Moura\AppData\Local\Programs\MiKTeX\tex/latex/amsfonts\amsfonts.sty
Package: amsfonts 2013/01/14 v3.01 Basic AMSFonts support
\symAMSa=\mathgroup4
\symAMSb=\mathgroup5
LaTeX Font Info:    Redeclaring math symbol \hbar on input line 98.
LaTeX Font Info:    Overwriting math alphabet `\mathfrak' in version `bold'
(Font)                  U/euf/m/n --> U/euf/b/n on input line 106.
)) (C:\Users\Yasmin Moura\AppData\Local\Programs\MiKTeX\tex/latex/jknappen\mathrsfs.sty
Package: mathrsfs 1996/01/01 Math RSFS package v1.0 (jk)
\symrsfs=\mathgroup6
) (C:\Users\Yasmin Moura\AppData\Local\Programs\MiKTeX\tex/latex/tools\afterpage.sty
Package: afterpage 2023/07/04 v1.08 After-Page Package (DPC)
\AP@output=\toks40
\AP@partial=\box71
\AP@footins=\box72
) (C:\Users\Yasmin Moura\AppData\Local\Programs\MiKTeX\tex/latex/pdfpages\pdfpages.sty
Package: pdfpages 2026/03/30 v0.6h Insert pages of external PDF documents (AM)
 (C:\Users\Yasmin Moura\AppData\Local\Programs\MiKTeX\tex/latex/eso-pic\eso-pic.sty
Package: eso-pic 2025/12/10 v3.0d eso-pic (RN)
\ESO@tempdima=\dimen284
\ESO@tempdimb=\dimen285
)
\AM@pagewidth=\dimen286
\AM@pageheight=\dimen287
\AM@fboxrule=\dimen288
 (C:\Users\Yasmin Moura\AppData\Local\Programs\MiKTeX\tex/latex/pdfpages\pppdftex.def
File: pppdftex.def 2026/03/30 v0.6h Pdfpages driver for pdfTeX (AM)
)
\pdfpages@includegraphics@status=\count408
\AM@pagebox=\box73
\AM@global@opts=\toks41
\AM@pagecnt=\count409
\AM@toc@title=\toks42
\AM@lof@heading=\toks43
\c@AM@survey=\count410
\AM@templatesizebox=\box74
) (C:\Users\Yasmin Moura\AppData\Local\Programs\MiKTeX\tex/latex/biblatex\biblatex.sty
Package: biblatex 2025/07/10 v3.21 programmable bibliographies (PK/MW)
 (C:\Users\Yasmin Moura\AppData\Local\Programs\MiKTeX\tex/latex/logreq\logreq.sty
Package: logreq 2010/08/04 v1.0 xml request logger
\lrq@indent=\count411
 (C:\Users\Yasmin Moura\AppData\Local\Programs\MiKTeX\tex/latex/logreq\logreq.def
File: logreq.def 2010/08/04 v1.0 logreq spec v1.0
))
\c@tabx@nest=\count412
\c@listtotal=\count413
\c@listcount=\count414
\c@liststart=\count415
\c@liststop=\count416
\c@citecount=\count417
\c@citetotal=\count418
\c@multicitecount=\count419
\c@multicitetotal=\count420
\c@instcount=\count421
\c@maxnames=\count422
\c@minnames=\count423
\c@maxitems=\count424
\c@minitems=\count425
\c@citecounter=\count426
\c@maxcitecounter=\count427
\c@savedcitecounter=\count428
\c@uniquelist=\count429
\c@uniquename=\count430
\c@refsection=\count431
\c@refsegment=\count432
\c@maxextratitle=\count433
\c@maxextratitleyear=\count434
\c@maxextraname=\count435
\c@maxextradate=\count436
\c@maxextraalpha=\count437
\c@abbrvpenalty=\count438
\c@highnamepenalty=\count439
\c@lownamepenalty=\count440
\c@maxparens=\count441
\c@parenlevel=\count442
\blx@tempcnta=\count443
\blx@tempcntb=\count444
\blx@tempcntc=\count445
\c@blx@maxsection=\count446
\blx@maxsegment@0=\count447
\blx@notetype=\count448
\blx@parenlevel@text=\count449
\blx@parenlevel@foot=\count450
\blx@sectionciteorder@0=\count451
\blx@sectionciteorderinternal@0=\count452
\blx@entrysetcounter=\count453
\blx@biblioinstance=\count454
\labelnumberwidth=\skip280
\labelalphawidth=\skip281
\biblabelsep=\skip282
\bibnamesep=\skip283
\bibinitsep=\skip284
\bibparsep=\skip285
\bibhang=\skip286
\blx@bcfin=\read4
\blx@bcfout=\write4
\blx@langwohyphens=\language80
\c@mincomprange=\count455
\c@maxcomprange=\count456
\c@mincompwidth=\count457
Package biblatex Info: Trying to load biblatex default data model...
Package biblatex Info: ... file 'blx-dm.def' found.
 (C:\Users\Yasmin Moura\AppData\Local\Programs\MiKTeX\tex/latex/biblatex\blx-dm.def
File: blx-dm.def 2025/07/10 v3.21 biblatex datamodel (PK/MW)
)
Package biblatex Info: Trying to load biblatex style data model...
Package biblatex Info: ... file 'abnt.dbx' not found.
Package biblatex Info: Trying to load biblatex custom data model...
Package biblatex Info: ... file 'biblatex-dm.cfg' not found.
\c@afterword=\count458
\c@savedafterword=\count459
\c@annotator=\count460
\c@savedannotator=\count461
\c@author=\count462
\c@savedauthor=\count463
\c@bookauthor=\count464
\c@savedbookauthor=\count465
\c@commentator=\count466
\c@savedcommentator=\count467
\c@editor=\count468
\c@savededitor=\count469
\c@editora=\count470
\c@savededitora=\count471
\c@editorb=\count472
\c@savededitorb=\count473
\c@editorc=\count474
\c@savededitorc=\count475
\c@foreword=\count476
\c@savedforeword=\count477
\c@holder=\count478
\c@savedholder=\count479
\c@introduction=\count480
\c@savedintroduction=\count481
\c@namea=\count482
\c@savednamea=\count483
\c@nameb=\count484
\c@savednameb=\count485
\c@namec=\count486
\c@savednamec=\count487
\c@translator=\count488
\c@savedtranslator=\count489
\c@shortauthor=\count490
\c@savedshortauthor=\count491
\c@shorteditor=\count492
\c@savedshorteditor=\count493
\c@labelname=\count494
\c@savedlabelname=\count495
\c@institution=\count496
\c@savedinstitution=\count497
\c@lista=\count498
\c@savedlista=\count499
\c@listb=\count500
\c@savedlistb=\count501
\c@listc=\count502
\c@savedlistc=\count503
\c@listd=\count504
\c@savedlistd=\count505
\c@liste=\count506
\c@savedliste=\count507
\c@listf=\count508
\c@savedlistf=\count509
\c@location=\count510
\c@savedlocation=\count511
\c@organization=\count512
\c@savedorganization=\count513
\c@origlocation=\count514
\c@savedoriglocation=\count515
\c@origpublisher=\count516
\c@savedorigpublisher=\count517
\c@publisher=\count518
\c@savedpublisher=\count519
\c@language=\count520
\c@savedlanguage=\count521
\c@origlanguage=\count522
\c@savedoriglanguage=\count523
\c@pageref=\count524
\c@savedpageref=\count525
\shorthandwidth=\skip287
\shortjournalwidth=\skip288
\shortserieswidth=\skip289
\shorttitlewidth=\skip290
\shortauthorwidth=\skip291
\shorteditorwidth=\skip292
\locallabelnumberwidth=\skip293
\locallabelalphawidth=\skip294
\localshorthandwidth=\skip295
\localshortjournalwidth=\skip296
\localshortserieswidth=\skip297
\localshorttitlewidth=\skip298
\localshortauthorwidth=\skip299
\localshorteditorwidth=\skip300
Package biblatex Info: Trying to load compatibility code...
Package biblatex Info: ... file 'blx-compat.def' found.
 (C:\Users\Yasmin Moura\AppData\Local\Programs\MiKTeX\tex/latex/biblatex\blx-compat.def
File: blx-compat.def 2025/07/10 v3.21 biblatex compatibility (PK/MW)
)
Package biblatex Info: Trying to load generic definitions...
Package biblatex Info: ... file 'biblatex.def' found.
 (C:\Users\Yasmin Moura\AppData\Local\Programs\MiKTeX\tex/latex/biblatex\biblatex.def
File: biblatex.def 2025/07/10 v3.21 biblatex compatibility (PK/MW)
\c@textcitecount=\count526
\c@textcitetotal=\count527
\c@textcitemaxnames=\count528
\c@biburlbigbreakpenalty=\count529
\c@biburlbreakpenalty=\count530
\c@biburlnumpenalty=\count531
\c@biburlucpenalty=\count532
\c@biburllcpenalty=\count533
\biburlbigskip=\muskip19
\biburlnumskip=\muskip20
\biburlucskip=\muskip21
\biburllcskip=\muskip22
\c@smartand=\count534
)
Package biblatex Info: Trying to load bibliography style 'abnt'...
Package biblatex Info: ... file 'abnt.bbx' found.
 (C:\Users\Yasmin Moura\AppData\Local\Programs\MiKTeX\tex/latex/biblatex-abnt/bbx\abnt.bbx
File: abnt.bbx 2018-11-17 v3.4 ABNT BibLaTeX citation style
Package biblatex Info: Trying to load bibliography style 'standard'...
Package biblatex Info: ... file 'standard.bbx' found.
 (C:\Users\Yasmin Moura\AppData\Local\Programs\MiKTeX\tex/latex/biblatex/bbx\standard.bbx
File: standard.bbx 2025/07/10 v3.21 biblatex bibliography style (PK/MW)
\c@bbx:relatedcount=\count535
\c@bbx:relatedtotal=\count536
))
Package biblatex Info: Trying to load citation style 'abnt'...
Package biblatex Info: ... file 'abnt.cbx' found.
 (C:\Users\Yasmin Moura\AppData\Local\Programs\MiKTeX\tex/latex/biblatex-abnt/cbx\abnt.cbx
File: abnt.cbx 2018-11-17 v3.4 ABNT BibLaTeX citation style
Package biblatex Info: Trying to load citation style 'authoryear-comp'...
Package biblatex Info: ... file 'authoryear-comp.cbx' found.
 (C:\Users\Yasmin Moura\AppData\Local\Programs\MiKTeX\tex/latex/biblatex/cbx\authoryear-comp.cbx
File: authoryear-comp.cbx 2025/07/10 v3.21 biblatex citation style (PK/MW)
Package biblatex Info: Redefining '\cite'.
Package biblatex Info: Redefining '\parenfo: Redefining '\footcitetext'.
Package biblatex Info: Redefining '\smartcite'.
Package biblatex Info: Redefining '\textcite'.
Package biblatex Info: Redefining '\textcites'.
Package biblatex Info: Redefining '\cites'.
Package biblatex Info: Redefining '\parencites'.
Package biblatex Info: Redefining '\footcites'.
Package biblatex Info: Redefining '\footcitetexts'.
Package biblatex Info: Redefining '\smartcites'.
)
Package biblatex Info: Redefining '\cite'.
Package biblatex Info: Redefining '\cites'.
Package biblatex Info: Redefining '\footcite'.
Package biblatex Info: Redefining '\footcites'.
Package biblatex Info: Redefining '\citetitle'.
Package biblatex Info: Redefining '\smartcite'.
Package biblatex Info: Redefining '\citeauthor'.
Package biblatex Info: Redefining '\citeyear'.
)
Package biblatex Info: Trying to load configuration file...
Package biblatex Info: ... file 'biblatex.cfg' found.

(C:\Users\Yasmin Moura\AppData\Local\Programs\MiKTeX\tex/latex/biblatex\biblate
x.cfg
File: biblatex.cfg 
)
Package biblatex Info: Input encoding 'utf8' detected.
Package biblatex Info: Document encoding is UTF8 ....
Package biblatex Info: ... and expl3
(biblatex)             2025-12-24 L3 programming layer (loader) 
(biblatex)             is new enough (at least 2020/04/06),
(biblatex)             setting 'casechanger=expl3'.

(C:\Users\Yasmin Moura\AppData\Local\Programs\MiKTeX\tex/latex/biblatex\blx-cas
e-expl3.sty
Package: blx-case-expl3 2025/07/10 v3.21 expl3 case changing code for biblatex
))
\extensao@idxfile=\write5
\openout5 = `extensao.idx'.


Writing index file extensao.idx 
(extras/conf_citacoes.tex) (extras/dados.tex) (extras/conf_pdf.tex
Package hyperref Info: Option `colorlinks' set `true' on input line 20.
)
Package csquotes Info: Checking for multilingual support...
Package csquotes Info: ... found 'babel' package.
Package csquotes Info: Adjusting default style.
Package csquotes Info: Redefining alias 'default' -> 'brazil'.
LaTeX Font Info:    Trying to load font information for T1+lmr on input line 23
2.

(C:\Users\Yasmin Moura\AppData\Local\Programs\MiKTeX\tex/latex/lm\t1lmr.fd
File: t1lmr.fd 2015/05/01 v1.6.1 Font defs for Latin Modern
)
(extensao.aux (pretextual/capa.aux)
Package babel Info: 'brazil' activates 'portuges' shorthands.
(babel)             Reported on input line 13.
 (pretextual/resumos.aux) (01Projeto.aux))
Runaway argument?
{0 
! File ended while scanning use of \abx@aux@segm.
<inserted text> 
                \par 
l.232 \begin{document}
                      
? efaults for OML/cmm/m/it on input line 232.
LaTeX Font Info:    ... okay on input line 232.
LaTeX Font Info:    Checking defaults for OMS/cmsy/m/n on input line 232.
LaTeX Font Info:    ... okay on input line 232.
LaTeX Font Info:    Checking defaults for OT1/cmr/m/n on input line 232.
LaTeX Font Info:    ... okay on input line 232.
LaTeX Font Info:    Checking defaults for T1/cmr/m/n on input line 232.
LaTeX Font Info:    ... okay on input line 232.
LaTeX Font Info:    Checking defaults for TS1/cmr/m/n on input line 232.
LaTeX Font Info:    ... okay on input line 232.
LaTeX Font Info:    Checking defaults for OMX/cmex/m/n on input line 232.
LaTeX Font Info:    ... okay on input line 232.
LaTeX Font Info:    Checking defaults for U/cmr/m/n on input line 232.
LaTeX Font Info:    ... okay on input line 232.
LaTeX Font Info:    Checking defaults for PD1/pdf/m/n on input line 232.
LaTeX Font Info:    ... okay on input line 232.
LaTeX Font Info:    Checking defaults for PU/pdf/m/n on input line 232.
LaTeX Font Info:    ... okay on input line 232.
Package hyperref Info: Link coloring ON on input line 232.
\myptabbox=\box75
\myptabboxwidth=\skip301
 (C:\Users\Yasmin Moura\AppData\Local\Programs\MiKTeX\tex/context/base/mkii\supp-pdf.mkii
[Loading MPS to PDF converter (version 2006.09.02).]
\scratchcounter=\count537
\scratchdimen=\dimen289
\scratchbox=\box76
\nofMPsegments=\count538
\nofMParguments=\count539
\everyMPshowfont=\toks44
\MPscratchCnt=\count540
\MPscratchDim=\dimen290
\MPnumerator=\count541
\makeMPintoPDFobject=\count542
\everyMPtoPDFconversion=\toks45
) (C:\Users\Yasmin Moura\AppData\Local\Programs\MiKTeX\tex/latex/epstopdf-pkg\epstopdf-base.sty
Package: epstopdf-base 2020-01-24 v2.11 Base part for package epstopdf
Package epstopdf-base Info: Redefining graphics rule for `.eps' on input line 485.
 (C:\Users\Yasmin Moura\AppData\Local\Programs\MiKTeX\tex/latex/00miktex\epstopdf-sys.cfg
File: epstopdf-sys.cfg 2021/03/18 v2.0 Configuration of epstopdf for MiKTeX
))
Package caption Info: Begin \AtBeginDocument code.
Package caption Info: float package is loaded.
Package caption Info: listings package is loaded.
Package caption Info: longtable package is loaded.
 (C:\Users\Yasmin Moura\AppData\Local\Programs\MiKTeX\tex/latex/caption\ltcaption.sty
Package: ltcaption 2021/01/08 v1.4c longtable captions (AR)
)
Package caption Info: End \AtBeginDocument code.
Package newfloat Info: `float' package detected.
LaTeX Info: Redefining \microtypecontext on input line 232.
Package microtype Info: Applying patch `item' on input line 232.
Package microtype Info: Applying patch `toc' on input line 232.
Package microtype Info: Applying patch `eqnum' on input line 232.
Package microtype Info: Applying patch `footnote' on input line 232.
Package microtype Info: Applying patch `verbatim' on input line 232.
LaTeX Info: Redefining \microtypesetup on input line 232.
Package microtype Info: Generating PDF output.
Package microtype Info: Character protrusion enabled (level 2).
Package microtype Info: Using default protrusion set `alltext'.
Package microtype Info: Automatic font expansion enabled (level 2),
(microtype)             stretch: 20, shrink: 20, step: 1, non-selected.
Package microtype Info: Using default expansion set `alltext-nott'.
Package microtype Info: Patching command `\showhyphens'.
Package microtype Info: No adjustment of tracking.
Package microtype Info: No adjustment of interword spacing.
Package microtype Info: No adjustment of character kerning.
 (C:\Users\Yasmin Moura\AppData\Local\Programs\MiKTeX\tex/latex/microtype\mt-cmr.cfg
File: mt-cmr.cfg 2013/05/19 v2.2 microtype config. file: Computer Modern Roman (RS)
)
\c@lstlisting=\count543
 (C:\Users\Yasmin Moura\AppData\Local\Programs\MiKTeX\tex/latex/pdflscape\pdflscape.sty
Package: pdflscape 2022-10-27 v0.13 Display of landscape pages in PDF
 (C:\Users\Yasmin Moura\AppData\Local\Programs\MiKTeX\tex/latex/pdflscape\pdflscape-nometadata.sty
Package: pdflscape-nometadata 2022-10-28 v0.13 Display of landscape pages in PDF (HO)
 (C:\Users\Yasmin Moura\AppData\Local\Programs\MiKTeX\tex/latex/graphics\lscape.sty
Package: lscape 2020/05/28 v3.02 Landscape Pages (DPC)
)
Package pdflscape Info: Auto-detected driver: pdftex on input line 81.
))
Package biblatex Info: Trying to load language 'brazil' -> 'brazil-abnt'...
Package biblatex Info: ... file 'brazil-abnt.lbx' found.
 (C:\Users\Yasmin Moura\AppData\Local\Programs\MiKTeX\tex/latex/biblatex-abnt/lbx\brazil-abnt.lbx
File: brazil-abnt.lbx 2018-11-17 v3.4 ABNT BibLaTeX citation style
Package biblatex Info: Trying to load language 'brazilian-abnt'...
Package biblatex Info: ... file 'brazilian-abnt.lbx' found.
 (C:\Users\Yasmin Moura\AppData\Local\Programs\MiKTeX\tex/latex/biblatex-abnt/lbx\brazilian-abnt.lbx
File: brazilian-abnt.lbx 2018-11-17 v3.4 ABNT BibLaTeX citation style
Package biblatex Info: Trying to load language 'brazilian' -> 'brazilian-abnt'...
Package biblatex Info: ... file 'brazilian-abnt.lbx' found.
 (C:\Users\Yasmin Moura\AppData\Local\Programs\MiKTeX\tex/latex/biblatex-abnt/lbx\brazilian-abnt.lbx
File: brazilian-abnt.lbx 2018-11-17 v3.4 ABNT BibLaTeX citation style
Package biblatex Info: Trying to load language 'brazilian'...
Package biblatex Info: ... file 'brazilian.lbx' found.
 (C:\Users\Yasmin Moura\AppData\Local\Programs\MiKTeX\tex/latex/biblatex/lbx\brazilian.lbx
File: brazilian.lbx 2025/07/10 v3.21 biblatex localization (PK/MW)
)))
Package biblatex Info: Trying to load language 'brazilian-abnt'...
Package biblatex Info: ... file 'brazilian-abnt.lbx' found.
 (C:\Users\Yasmin Moura\AppData\Local\Programs\MiKTeX\tex/latex/biblatex-abnt/lbx\brazilian-abnt.lbx
File: brazilian-abnt.lbx 2018-11-17 v3.4 ABNT BibLaTeX citation style
Package biblatex Info: Trying to load language 'brazilian' -> 'brazilian-abnt'...
Package biblatex Info: ... file 'brazilian-abnt.lbx' found.
 (C:\Users\Yasmin Moura\AppData\Local\Programs\MiKTeX\tex/latex/biblatex-abnt/lbx\brazilian-abnt.lbx
File: brazilian-abnt.lbx 2018-11-17 v3.4 ABNT BibLaTeX citation style
Package biblatex Info: Trying to load language 'brazilian'...
Package biblatex Info: ... file 'brazilian.lbx' found.
 (C:\Users\Yasmin Moura\AppData\Local\Programs\MiKTeX\tex/latex/biblatex/lbx\brazilian.lbx
File: brazilian.lbx 2025/07/10 v3.21 biblatex localization (PK/MW)
)
Package biblatex Info: Trying to load language 'brazil'...
Package biblatex Info: ... file 'brazil.lbx' found.
 (C:\Users\Yasmin Moura\AppData\Local\Programs\MiKTeX\tex/latex/biblatex/lbx\brazil.lbx
File: brazil.lbx 2025/07/10 v3.21 biblatex localization (PK/MW)
Package biblatex Info: Trying to load language 'brazilian'...
Package biblatex Info: ... file 'brazilian.lbx' found.
 (C:\Users\Yasmin Moura\AppData\Local\Programs\MiKTeX\tex/latex/biblatex/lbx\brazilian.lbx
File: brazilian.lbx 2025/07/10 v3.21 biblatex localization (PK/MW)
)))
Package biblatex Info: Trying to load language 'brazil'...
Package biblatex Info: ... file 'brazil.lbx' found.
 (C:\Users\Yasmin Moura\AppData\Local\Programs\MiKTeX\tex/latex/biblatex/lbx\brazil.lbx
File: brazil.lbx 2025/07/10 v3.21 biblatex localization (PK/MW)
Package biblatex Info: Trying to load language 'brazilian' -> 'brazilian-abnt'...
Package biblatex Info: ... file 'brazilian-abnt.lbx' found.
 (C:\Users\Yasmin Moura\AppData\Local\Programs\MiKTeX\tex/latex/biblatex-abnt/lbx\brazilian-abnt.lbx
File: brazilian-abnt.lbx 2018-11-17 v3.4 ABNT BibLaTeX citation style
Package biblatex Info: Trying to load language 'brazilian'...
Package biblatex Info: ... file 'brazilian.lbx' found.
 (C:\Users\Yasmin Moura\AppData\Local\Programs\MiKTeX\tex/latex/biblatex/lbx\brazilian.lbx
File: brazilian.lbx 2025/07/10 v3.21 biblatex localization (PK/MW)
)
Package biblatex Info: Trying to load language 'brazil'...
Package biblatex Info: ... file 'brazil.lbx' found.
 (C:\Users\Yasmin Moura\AppData\Local\Programs\MiKTeX\tex/latex/biblatex/lbx\brazil.lbx
File: brazil.lbx 2025/07/10 v3.21 biblatex localization (PK/MW)
Package biblatex Info: Trying to load language 'brazilian'...
Package biblatex Info: ... file 'brazilian.lbx' found.
 (C:\Users\Yasmin Moura\AppData\Local\Programs\MiKTeX\tex/latex/biblatex/lbx\brazilian.lbx
File: brazilian.lbx 2025/07/10 v3.21 biblatex localization (PK/MW)
))))))
Package biblatex Info: Trying to load language 'english' -> 'english-abnt'...
Package biblatex Info: ... file 'english-abnt.lbx' found.
 (C:\Users\Yasmin Moura\AppData\Local\Programs\MiKTeX\tex/latex/biblatex-abnt/lbx\english-abnt.lbx
File: english-abnt.lbx 2018-11-17 v3.4 ABNT BibLaTeX citation style
Package biblatex Info: Trying to load language 'english'...
Package biblatex Info: ... file 'english.lbx' found.
 (C:\Users\Yasmin Moura\AppData\Local\Programs\MiKTeX\tex/latex/biblatex/lbx\english.lbx
File: english.lbx 2025/07/10 v3.21 biblatex localization (PK/MW)
)
Package biblatex Info: Trying to load language 'english'...
Package biblatex Info: ... file 'english.lbx' found.
 (C:\Users\Yasmin Moura\AppData\Local\Programs\MiKTeX\tex/latex/biblatex/lbx\english.lbx
File: english.lbx 2025/07/10 v3.21 biblatex localization (PK/MW)
)
Package biblatex Info: Trying to load language 'english'...
Package biblatex Info: ... file 'english.lbx' found.
 (C:\Users\Yasmin Moura\AppData\Local\Programs\MiKTeX\tex/latex/biblatex/lbx\english.lbx
File: english.lbx 2025/07/10 v3.21 biblatex localization (PK/MW)
))
Package biblatex Info: Input encoding 'utf8' detected.
Package biblatex Info: Automatic encoding selection.
(biblatex)             Assuming data encoding 'utf8'.
\openout4 = `extensao.bcf'.

Package biblatex Info: Trying to load bibliographic data...
Package biblatex Info: ... file 'extensao.bbl' found.
 (extensao.bbl)
Package biblatex Info: Reference section=0 on input line 232.
Package biblatex Info: Reference segment=0 on input line 232.
Package hyperref Info: Option `pageanchor' set `false' on input line 240.
\openout2 = `pretextual/capa.aux'.

 (pretextual/capa.tex
<logo/logo_fatec.png, id=3, 363.759pt x 62.03175pt>
File: logo/logo_fatec.png Graphic file (type png)
<use logo/logo_fatec.png>
Package pdftex.def Info: logo/logo_fatec.png  used on input line 7.
(pdftex.def)             Requested size: 254.62956pt x 43.4219pt.
LaTeX Font Info:    Trying to load font information for T1+lmss on input line 11.
 (C:\Users\Yasmin Moura\AppData\Local\Programs\MiKTeX\tex/latex/lm\t1lmss.fd
File: t1lmss.fd 2015/05/01 v1.6.1 Font defs for Latin Modern
)
Package microtype Info: Loading generic protrusion settings for font family
(microtype)             `lmss' (encoding: T1).
(microtype)             For optimal results, create family-specific settings.
(microtype)             See the microtype manual for details.
 [1


{C:/Users/Yasmin Moura/AppData/Local/MiKTeX/fonts/map/pdftex/pdftex.map}{C:/Users/Yasmin Moura/AppData/Local/Programs/MiKTeX/fonts/enc/dvips/lm/lm-ec.enc} <./logo/logo_fatec.png>])
Package hyperref Info: Option `pageanchor' set `true' on input line 245.
LaTeX Font Info:    Trying to load font information for OT1+lmr on input line 255.
 (C:\Users\Yasmin Moura\AppData\Local\Programs\MiKTeX\tex/latex/lm\ot1lmr.fd
File: ot1lmr.fd 2015/05/01 v1.6.1 Font defs for Latin Modern
)
LaTeX Font Info:    Trying to load font information for OML+lmm on input line 255.
 (C:\Users\Yasmin Moura\AppData\Local\Programs\MiKTeX\tex/latex/lm\omllmm.fd
File: omllmm.fd 2015/05/01 v1.6.1 Font defs for Latin Modern
)
LaTeX Font Info:    Trying to load font information for OMS+lmsy on input line 255.
 (C:\Users\Yasmin Moura\AppData\Local\Programs\MiKTeX\tex/latex/lm\omslmsy.fd
File: omslmsy.fd 2015/05/01 v1.6.1 Font defs for Latin Modern
)
LaTeX Font Info:    Trying to load font information for OMX+lmex on input line 255.
 (C:\Users\Yasmin Moura\AppData\Local\Programs\MiKTeX\tex/latex/lm\omxlmex.fd
File: omxlmex.fd 2015/05/01 v1.6.1 Font defs for Latin Modern
)
LaTeX Font Info:    External font `lmex10' loaded for size
(Font)              <12> on input line 255.
LaTeX Font Info:    External font `lmex10' loaded for size
(Font)              <8> on input line 255.
LaTeX Font Info:    External font `lmex10' loaded for size
(Font)              <6> on input line 255.
LaTeX Font Info:    Trying to load font information for U+msa on input line 255.
 (C:\Users\Yasmin Moura\AppData\Local\Programs\MiKTeX\tex/latex/amsfonts\umsa.fd
File: umsa.fd 2013/01/14 v3.01 AMS symbols A
) (C:\Users\Yasmin Moura\AppData\Local\Programs\MiKTeX\tex/latex/microtype\mt-msa.cfg
File: mt-msa.cfg 2006/02/04 v1.1 microtype config. file: AMS symbols (a) (RS)
)
LaTeX Font Info:    Trying to load font information for U+msb on input line 255.
 (C:\Users\Yasmin Moura\AppData\Local\Programs\MiKTeX\tex/latex/amsfonts\umsb.fd
File: umsb.fd 2013/01/14 v3.01 AMS symbols B
) (C:\Users\Yasmin Moura\AppData\Local\Programs\MiKTeX\tex/latex/microtype\mt-msb.cfg
File: mt-msb.cfg 2005/06/01 v1.0 microtype config. file: AMS symbols (b) (RS)
)
LaTeX Font Info:    Trying to load font information for U+rsfs on input line 255.
 (C:\Users\Yasmin Moura\AppData\Local\Programs\MiKTeX\tex/latex/jknappen\ursfs.fd
File: ursfs.fd 1998/03/24 rsfs font definition file (jk)
) [1





]
\openout2 = `pretextual/resumos.aux'.

 (pretextual/resumos.tex [2


] [3

]) (extensao.lof) [4



] (extensao.lot) [5

] (extensao.loq
LaTeX Font Info:    Trying to load font information for T1+lmtt on input line 34.
 (C:\Users\Yasmin Moura\AppData\Local\Programs\MiKTeX\tex/latex/lm\t1lmtt.fd
File: t1lmtt.fd 2015/05/01 v1.6.1 Font defs for Latin Modern
)
Package microtype Info: Loading generic protrusion settings for font family
(microtype)             `lmtt' (encoding: T1).
(microtype)             For optimal results, create family-specific settings.
(microtype)             See the microtype manual for details.
 [6


]) [7] (extensao.toc [8

]
Overfull \hbox (1.5877pt too wide) detected at line 63
 \T1/lmss/bx/n/12 141
 []


Overfull \hbox (1.5877pt too wide) detected at line 66
 \T1/lmss/bx/n/12 142
 []

) [9]
\openout2 = `01Projeto.aux'.

 (01Projeto.tex
Cap\'{\i }tulo 1.
[10



]
Package babel Info: 'brazil' activates 'portuges' shorthands.
(babel)             Reported on input line 16.
 [11]
Cap\'{\i }tulo 2.
[12

] [13]
<figs/silpi.jpg, id=363, 347.49825pt x 175.857pt>
File: figs/silpi.jpg Graphic file (type jpg)
<use figs/silpi.jpg>
Package pdftex.def Info: figs/silpi.jpg  used on input line 53.
(pdftex.def)             Requested size: 386.75278pt x 195.73756pt.
 [14 <./figs/silpi.jpg>] [15] [16]
LaTeX Font Info:    Trying to load font information for TS1+lmr on input line 95.
 (C:\Users\Yasmin Moura\AppData\Local\Programs\MiKTeX\tex/latex/lm\ts1lmr.fd
File: ts1lmr.fd 2015/05/01 v1.6.1 Font defs for Latin Modern
) [17{C:/Users/Yasmin Moura/AppData/Local/Programs/MiKTeX/fonts/enc/dvips/lm/lm-ts1.enc}]
Package hyperref Info: bookmark level for unknown quadro defaults to 0 on input line 106.
 [18] [19]
Cap\'{\i }tulo 3.
[20

]
<figs/ClassDiagram.png, id=430, 1463.4675pt x 3030.82312pt>
File: figs/ClassDiagram.png Graphic file (type png)
<use figs/ClassDiagram.png>
Package pdftex.def Info: figs/ClassDiagram.png  used on input line 173.
(pdftex.def)             Requested size: 318.49861pt x 659.61494pt.
 [21] [22 <./figs/ClassDiagram.png>]
Overfull \hbox (31.30269pt too wide) in paragraph at lines 203--203
[]|\T1/lmr/m/n/12 (-20) ICollection<Despesa>| 
 []


Overfull \hbox (55.29897pt too wide) in paragraph at lines 231--231
[]|\T1/lmr/m/n/12 (-20) ICollection<TipoDespesa>| 
 []


Overfull \hbox (48.12137pt too wide) in paragraph at lines 277--277
[]|\T1/lmr/m/n/12 (-20) ICollection<Documento>| 
 []


Overfull \hbox (31.30269pt too wide) in paragraph at lines 279--279
[]|\T1/lmr/m/n/12 (-20) ICollection<Despesa>| 
 []

[23] [24]
Overfull \hbox (44.18472pt too wide) in paragraph at lines 358--358
[]|\T1/lmr/m/n/12 (-20) ICollection<Instituicao>| 
 []


Overfull \hbox (44.18472pt too wide) in paragraph at lines 384--384
[]|\T1/lmr/m/n/12 (-20) ICollection<Instituicao>| 
 []


Overfull \hbox (46.0372pt too wide) in paragraph at lines 437--437
[]|\T1/lmr/m/n/12 (-20) ICollection<Orcamento>| 
 []


Overfull \hbox (17.4771pt too wide) in paragraph at lines 439--439
[]|\T1/lmr/m/n/12 (-20) UnidadesConsumidoras| 
 []


Overfull \hbox (99.20152pt too wide) in paragraph at lines 439--439
[]|\T1/lmr/m/n/12 (-20) ICollection<UnidadeConsumidora>| 
 []


Overfull \hbox (31.30269pt too wide) in paragraph at lines 441--441
[]|\T1/lmr/m/n/12 (-20) ICollection<Despesa>| 
 []

[25]
Overfull \hbox (31.30269pt too wide) in paragraph at lines 473--473
[]|\T1/lmr/m/n/12 (-20) ICollection<Despesa>| 
 []

[26]
Overfull \hbox (31.30269pt too wide) in paragraph at lines 507--507
[]|\T1/lmr/m/n/12 (-20) ICollection<Despesa>| 
 []


Overfull \hbox (18.94478pt too wide) in paragraph at lines 560--560
[]|\T1/lmr/m/n/12 (-20) IdUnidadeConsumidora| 
 []


Overfull \hbox (8.39314pt too wide) in paragraph at lines 562--562
[]|\T1/lmr/m/n/12 (-20) UnidadeConsumidora| 
 []


Overfull \hbox (26.59703pt too wide) in paragraph at lines 562--562
[]|\T1/lmr/m/n/12 (-20) UnidadeConsumidora| 
 []

[27] [28]
Overfull \hbox (31.30269pt too wide) in paragraph at lines 663--663
[]|\T1/lmr/m/n/12 (-20) ICollection<Despesa>| 
 []

[29] [30] [31]
<figs/atores.jpg, id=500, 220.4235pt x 175.25475pt>
File: figs/atores.jpg Graphic file (type jpg)
<use figs/atores.jpg>
Package pdftex.def Info: figs/atores.jpg  used on input line 777.
(pdftex.def)             Requested size: 250.25139pt x 198.96883pt.
 [32 <./figs/atores.jpg>]
Overfull \hbox (0.18518pt too wide) in alignment at lines 795--800
 [] [] [] [] [] 
 []


Overfull \hbox (0.18518pt too wide) in alignment at lines 800--804
 [] [] [] [] [] 
 []


Overfull \hbox (0.18518pt too wide) in alignment at lines 804--808
 [] [] [] [] [] 
 []


Overfull \hbox (0.18518pt too wide) in alignment at lines 808--812
 [] [] [] [] [] 
 []


Underfull \hbox (badness 10000) in paragraph at lines 814--814
[]|\T1/lmr/m/n/10.95 (+20) Cadastrar
 []


Underfull \hbox (badness 5189) in paragraph at lines 814--814
[]|\T1/lmr/m/n/10.95 (+20) Mensagem: ^^PFun-ci-o-ná-rio
 []


Underfull \hbox (badness 5189) in paragraph at lines 815--815
[]|\T1/lmr/m/n/10.95 (+20) Mensagem: ^^PFun-ci-o-ná-rio
 []


Underfull \hbox (badness 2913) in paragraph at lines 817--817
[]|\T1/lmr/m/n/10.95 (+20) Retorna in-for-ma-ções do
 []


Underfull \hbox (badness 10000) in paragraph at lines 818--818
[]|\T1/lmr/m/n/10.95 (+20) Administrador ex-clui
 []


Underfull \hbox (badness 5189) in paragraph at lines 818--818
[]|\T1/lmr/m/n/10.95 (+20) Mensagem: ^^PFun-ci-o-ná-rio
 []


Underfull \hbox (badness 10000) in paragraph at lines 822--822
[]|\T1/lmr/m/n/10.95 (+20) Administrador ex-clui
 []


Underfull \hbox (badness 10000) in paragraph at lines 822--822
[]|\T1/lmr/m/n/10.95 (+20) Excluir Pro-
 []


Underfull \hbox (badness 2913) in paragraph at lines 823--823
[]|\T1/lmr/m/n/10.95 (+20) Retorna in-for-ma-ções do
 []


Underfull \hbox (badness 10000) in paragraph at lines 824--824
[]|\T1/lmr/m/n/10.95 (+20) Cadastrar
 []


Underfull \hbox (badness 10000) in paragraph at lines 824--824
\T1/lmr/m/n/10.95 (+20) Tipo de
 []


Underfull \hbox (badness 10000) in paragraph at lines 825--825
[]|\T1/lmr/m/n/10.95 (+20) Listar Ti-pos
 []


Underfull \hbox (badness 10000) in paragraph at lines 826--826
[]|\T1/lmr/m/n/10.95 (+20) Atualizar
 []


Underfull \hbox (badness 10000) in paragraph at lines 826--826
\T1/lmr/m/n/10.95 (+20) Tipo de
 []


Underfull \hbox (badness 10000) in paragraph at lines 827--827
[]|\T1/lmr/m/n/10.95 (+20) Administrador ex-clui
 []


Underfull \hbox (badness 3713) in paragraph at lines 827--827
[]|\T1/lmr/m/n/10.95 (+20) Excluir Tipo
 []


Underfull \hbox (badness 2913) in paragraph at lines 828--828
[]|\T1/lmr/m/n/10.95 (+20) Retorna in-for-ma-ções do
 []


Underfull \hbox (badness 10000) in paragraph at lines 829--829
[]|\T1/lmr/m/n/10.95 (+20) Cadastrar
 []


Underfull \hbox (badness 2020) in paragraph at lines 829--829
[]|\T1/lmr/m/n/10.95 (+20) Mensagem: ^^PLote ca-das-
 []


Underfull \hbox (badness 1383) in paragraph at lines 831--831
[]|\T1/lmr/m/n/10.95 (+20) Mensagem: ^^PLote atu-a-li-
 []


Underfull \hbox (badness 10000) in paragraph at lines 832--832
[]|\T1/lmr/m/n/10.95 (+20) Administrador ex-clui
 []


Underfull \hbox (badness 2913) in paragraph at lines 833--833
[]|\T1/lmr/m/n/10.95 (+20) Retorna in-for-ma-ções do
 []


Underfull \hbox (badness 7081) in paragraph at lines 834--834
[]|\T1/lmr/m/n/10.95 (+20) Administrador re-a-liza
 []


Underfull \hbox (badness 2547) in paragraph at lines 834--834
[]|\T1/lmr/m/n/10.95 (+20) Mensagem: ^^PSa-ída re-a-li-
 []


Underfull \hbox (badness 7081) in paragraph at lines 835--835
[]|\T1/lmr/m/n/10.95 (+20) Administrador re-a-liza
 []


Underfull \hbox (badness 10000) in paragraph at lines 835--835
[]|\T1/lmr/m/n/10.95 (+20) Realizar
 []


Overfull \hbox (0.18518pt too wide) in alignment at lines 812--837
 [] [] [] [] [] 
 []

01Projeto.tex:837: ignored error: Infinite glue shrinkage found in box being split [33]
01Projeto.tex:837: ignored error: Infinite glue shrinkage found in box being split [34]
Overfull \hbox (0.18518pt too wide) in alignment at lines 847--853
 [] [] [] [] [] 
 []


Overfull \hbox (0.18518pt too wide) in alignment at lines 853--858
 [] [] [] [] [] 
 []


Overfull \hbox (0.18518pt too wide) in alignment at lines 858--862
 [] [] [] [] [] 
 []


Overfull \hbox (0.18518pt too wide) in alignment at lines 862--867
 [] [] [] [] [] 
 []


Overfull \hbox (0.18518pt too wide) in alignment at lines 867--888
 [] [] [] [] [] 
 []

01Projeto.tex:888: ignored error: Infinite glue shrinkage found in box being split [35] [36]
Overfull \hbox (0.18518pt too wide) in alignment at lines 898--904
 [] [] [] [] [] 
 []


Overfull \hbox (0.18518pt too wide) in alignment at lines 904--909
 [] [] [] [] [] 
 []


Overfull \hbox (0.18518pt too wide) in alignment at lines 909--913
 [] [] [] [] [] 
 []


Overfull \hbox (0.18518pt too wide) in alignment at lines 913--918
 [] [] [] [] [] 
 []


Overfull \hbox (0.18518pt too wide) in alignment at lines 918--944
 [] [] [] [] [] 
 []

01Projeto.tex:944: ignored error: Infinite glue shrinkage found in box being split [37] [38]
<figs/UCGeral_Administrador.jpg, id=543, 602.25pt x 437.38406pt>
File: figs/UCGeral_Administrador.jpg Graphic file (type jpg)
<use figs/UCGeral_Administrador.jpg>
Package pdftex.def Info: figs/UCGeral_Administrador.jpg  used on input line 988.
(pdftex.def)             Requested size: 455.0pt x 330.45987pt.
 [39]
<figs/UCGeral_Enfermeiro.jpg, id=551, 602.25pt x 298.86656pt>
File: figs/UCGeral_Enfermeiro.jpg Graphic file (type jpg)
<use figs/UCGeral_Enfermeiro.jpg>
Package pdftex.def Info: figs/UCGeral_Enfermeiro.jpg  used on input line 1008.
(pdftex.def)             Requested size: 455.0pt x 225.80475pt.
 [40 <./figs/UCGeral_Administrador.jpg>] [41 <./figs/UCGeral_Enfermeiro.jpg>]
<figs/UCGeral_Funcionario.jpg, id=561, 602.25pt x 325.215pt>
File: figs/UCGeral_Funcionario.jpg Graphic file (type jpg)
<use figs/UCGeral_Funcionario.jpg>
Package pdftex.def Info: figs/UCGeral_Funcionario.jpg  used on input line 1026.
(pdftex.def)             Requested size: 455.0pt x 245.71199pt.
 [42 <./figs/UCGeral_Funcionario.jpg>]
<figs/UC_Soap.jpg, id=570, 361.95226pt x 142.73325pt>
File: figs/UC_Soap.jpg Graphic file (type jpg)
<use figs/UC_Soap.jpg>
Package pdftex.def Info: figs/UC_Soap.jpg  used on input line 1056.
(pdftex.def)             Requested size: 455.0pt x 179.43102pt.
 [43] [44 <./figs/UC_Soap.jpg>] [45]
Underfull \hbox (badness 2245) in paragraph at lines 1200--1200
[]|\T1/lmr/bx/n/12 (+20) Cenário Al-ter-na-tivo ^^U
 []


Underfull \hbox (badness 2245) in paragraph at lines 1241--1241
[]|\T1/lmr/bx/n/12 (+20) Cenário Al-ter-na-tivo ^^U
 []

[46] [47]
<figs/ResidentRelative_Listar.png, id=609, 406.51875pt x 1433.355pt>
File: figs/ResidentRelative_Listar.png Graphic file (type png)
<use figs/ResidentRelative_Listar.png>
Package pdftex.def Info: figs/ResidentRelative_Listar.png  used on input line 1284.
(pdftex.def)             Requested size: 181.99722pt x 641.70125pt.
 [48] [49 <./figs/ResidentRelative_Listar.png>]
<figs/ResidentRelative_Cadastrar.png, id=624, 597.73312pt x 1330.21968pt>
File: figs/ResidentRelative_Cadastrar.png Graphic file (type png)
<use figs/ResidentRelative_Cadastrar.png>
Package pdftex.def Info: figs/ResidentRelative_Cadastrar.png  used on input line 1304.
(pdftex.def)             Requested size: 204.74861pt x 455.65839pt.
 [50 <./figs/ResidentRelative_Cadastrar.png>]
<figs/ResidentRelative_Editar.png, id=633, 591.71063pt x 1327.20844pt>
File: figs/ResidentRelative_Editar.png Graphic file (type png)
<use figs/ResidentRelative_Editar.png>
Package pdftex.def Info: figs/ResidentRelative_Editar.png  used on input line 1325.
(pdftex.def)             Requested size: 204.74861pt x 459.24426pt.
 [51 <./figs/ResidentRelative_Editar.png>]
<figs/ResidentRelative_Remover.png, id=642, 596.2275pt x 1323.44438pt>
File: figs/ResidentRelative_Remover.png Graphic file (type png)
<use figs/ResidentRelative_Remover.png>
Package pdftex.def Info: figs/ResidentRelative_Remover.png  used on input line 1346.
(pdftex.def)             Requested size: 204.74861pt x 454.46843pt.
 [52 <./figs/ResidentRelative_Remover.png>]
<figs/atividade_login.jpg, id=653, 299.9205pt x 198.7425pt>
File: figs/atividade_login.jpg Graphic file (type jpg)
<use figs/atividade_login.jpg>
Package pdftex.def Info: figs/atividade_login.jpg  used on input line 1373.
(pdftex.def)             Requested size: 432.24861pt x 286.44067pt.
 [53 <./figs/atividade_login.jpg>] [54]
Cap\'{\i }tulo 4.
[55

] [56]
<figs/persona01.jpg, id=687, 362.5545pt x 264.38776pt>
File: figs/persona01.jpg Graphic file (type jpg)
<use figs/persona01.jpg>
Package pdftex.def Info: figs/persona01.jpg  used on input line 1472.
(pdftex.def)             Requested size: 409.49722pt x 298.63768pt.
<figs/persona02.jpg, id=691, 361.35pt x 264.99pt>
File: figs/persona02.jpg Graphic file (type jpg)
<use figs/persona02.jpg>
Package pdftex.def Info: figs/persona02.jpg  used on input line 1489.
(pdftex.def)             Requested size: 409.49722pt x 300.30049pt.
 [57 <./figs/persona01.jpg>] [58 <./figs/persona02.jpg>]
LaTeX Font Info:    External font `lmex10' loaded for size
(Font)              <10.95> on input line 1530.
<figs/wireframe_home_care.jpg, id=710, 381.22424pt x 271.0125pt>
File: figs/wireframe_home_care.jpg Graphic file (type jpg)
<use figs/wireframe_home_care.jpg>
Package pdftex.def Info: figs/wireframe_home_care.jpg  used on input line 1557.
(pdftex.def)             Requested size: 218.39806pt x 155.26028pt.
<figs/wireframe_home_stock.jpg, id=711, 381.22424pt x 270.41025pt>
File: figs/wireframe_home_stock.jpg Graphic file (type jpg)
<use figs/wireframe_home_stock.jpg>
Package pdftex.def Info: figs/wireframe_home_stock.jpg  used on input line 1563.
(pdftex.def)             Requested size: 218.39806pt x 154.91527pt.
 [59{C:/Users/Yasmin Moura/AppData/Local/Programs/MiKTeX/fonts/enc/dvips/lm/lm-mathsy.enc} <./figs/wireframe_home_care.jpg> <./figs/wireframe_home_stock.jpg>]
<figs/wireframe_login_care.jpg, id=721, 381.22424pt x 270.41025pt>
File: figs/wireframe_login_care.jpg Graphic file (type jpg)
<use figs/wireframe_login_care.jpg>
Package pdftex.def Info: figs/wireframe_login_care.jpg  used on input line 1597.
(pdftex.def)             Requested size: 218.39806pt x 154.91527pt.
<figs/wireframe_login_stock.jpg, id=722, 381.22424pt x 269.808pt>
File: figs/wireframe_login_stock.jpg Graphic file (type jpg)
<use figs/wireframe_login_stock.jpg>
Package pdftex.def Info: figs/wireframe_login_stock.jpg  used on input line 1603.
(pdftex.def)             Requested size: 218.39806pt x 154.57025pt.
<figs/wireframe_cadastro_produto.jpg, id=727, 602.25pt x 490.83376pt>
File: figs/wireframe_cadastro_produto.jpg Graphic file (type jpg)
<use figs/wireframe_cadastro_produto.jpg>
Package pdftex.def Info: figs/wireframe_cadastro_produto.jpg  used on input line 1634.
(pdftex.def)             Requested size: 218.39806pt x 177.9957pt.
<figs/wireframe_gestao_religiao.jpg, id=728, 381.22424pt x 269.808pt>
File: figs/wireframe_gestao_religiao.jpg Graphic file (type jpg)
<use figs/wireframe_gestao_religiao.jpg>
Package pdftex.def Info: figs/wireframe_gestao_religiao.jpg  used on input line 1640.
(pdftex.def)             Requested size: 218.39806pt x 154.57025pt.
 [60 <./figs/wireframe_login_care.jpg> <./figs/wireframe_login_stock.jpg>] [61 <./figs/wireframe_cadastro_produto.jpg> <./figs/wireframe_gestao_religiao.jpg>]
<figs/prototipo_abertura_care.jpg, id=753, 260.172pt x 144.54pt>
File: figs/prototipo_abertura_care.jpg Graphic file (type jpg)
<use figs/prototipo_abertura_care.jpg>
Package pdftex.def Info: figs/prototipo_abertura_care.jpg  used on input line 1697.
(pdftex.def)             Requested size: 409.49722pt x 227.51051pt.
<figs/prototipo_abertura_stock.jpg, id=755, 857.45343pt x 609.77812pt>
File: figs/prototipo_abertura_stock.jpg Graphic file (type jpg)
<use figs/prototipo_abertura_stock.jpg>
Package pdftex.def Info: figs/prototipo_abertura_stock.jpg  used on input line 1719.
(pdftex.def)             Requested size: 409.49722pt x 291.21075pt.
 [62 <./figs/prototipo_abertura_care.jpg>]
<figs/prototipo_login_care.jpg, id=761, 355.3275pt x 198.14024pt>
File: figs/prototipo_login_care.jpg Graphic file (type jpg)
<use figs/prototipo_login_care.jpg>
Package pdftex.def Info: figs/prototipo_login_care.jpg  used on input line 1739.
(pdftex.def)             Requested size: 409.49722pt x 228.35532pt.
 [63 <./figs/prototipo_abertura_stock.jpg>]
<figs/prototipo_login_stock.jpg, id=767, 362.5545pt x 174.05025pt>
File: figs/prototipo_login_stock.jpg Graphic file (type jpg)
<use figs/prototipo_login_stock.jpg>
Package pdftex.def Info: figs/prototipo_login_stock.jpg  used on input line 1759.
(pdftex.def)             Requested size: 409.49722pt x 196.59744pt.
 [64 <./figs/prototipo_login_care.jpg> <./figs/prototipo_login_stock.jpg>]
<figs/prototipo_cadastro_religiao.jpg, id=773, 363.759pt x 195.73125pt>
File: figs/prototipo_cadastro_religiao.jpg Graphic file (type jpg)
<use figs/prototipo_cadastro_religiao.jpg>
Package pdftex.def Info: figs/prototipo_cadastro_religiao.jpg  used on input line 1777.
(pdftex.def)             Requested size: 409.49722pt x 220.34642pt.
<figs/prototipo_cadastro_produto.jpg, id=775, 799.48688pt x 576.65437pt>
File: figs/prototipo_cadastro_produto.jpg Graphic file (type jpg)
<use figs/prototipo_cadastro_produto.jpg>
Package pdftex.def Info: figs/prototipo_cadastro_produto.jpg  used on input line 1801.
(pdftex.def)             Requested size: 409.49722pt x 295.36569pt.
 [65 <./figs/prototipo_cadastro_religiao.jpg>] [66 <./figs/prototipo_cadastro_produto.jpg>] [67] [68]
<figs/login_alto_contraste.jpg, id=824, 384.2355pt x 216.81pt>
File: figs/login_alto_contraste.jpg Graphic file (type jpg)
<use figs/login_alto_contraste.jpg>
Package pdftex.def Info: figs/login_alto_contraste.jpg  used on input line 1874.
(pdftex.def)             Requested size: 318.49861pt x 179.72397pt.
<figs/login_sem_alto_contraste.jpg, id=825, 384.83775pt x 217.41225pt>
File: figs/login_sem_alto_contraste.jpg Graphic file (type jpg)
<use figs/login_sem_alto_contraste.jpg>
Package pdftex.def Info: figs/login_sem_alto_contraste.jpg  used on input line 1883.
(pdftex.def)             Requested size: 318.49861pt x 179.94453pt.
 [69 <./figs/login_alto_contraste.jpg> <./figs/login_sem_alto_contraste.jpg>]
<figs/login_alto_contraste_mobile.jpg, id=835, 145.14224pt x 266.79675pt>
File: figs/login_alto_contraste_mobile.jpg Graphic file (type jpg)
<use figs/login_alto_contraste_mobile.jpg>
Package pdftex.def Info: figs/login_alto_contraste_mobile.jpg  used on input line 1900.
(pdftex.def)             Requested size: 163.79854pt x 301.09006pt.
<figs/login_sem_alto_contraste_mobile.jpg, id=836, 145.14224pt x 264.38776pt>
File: figs/login_sem_alto_contraste_mobile.jpg Graphic file (type jpg)
<use figs/login_sem_alto_contraste_mobile.jpg>
Package pdftex.def Info: figs/login_sem_alto_contraste_mobile.jpg  used on input line 1906.
(pdftex.def)             Requested size: 163.79854pt x 298.37141pt.
<figs/tela_principal_redim.jpg, id=842, 380.01974pt x 214.401pt>
File: figs/tela_principal_redim.jpg Graphic file (type jpg)
<use figs/tela_principal_redim.jpg>
Package pdftex.def Info: figs/tela_principal_redim.jpg  used on input line 1926.
(pdftex.def)             Requested size: 318.49861pt x 179.69975pt.
<figs/tela_principal_menu_redim.jpg, id=843, 380.01974pt x 215.00325pt>
File: figs/tela_principal_menu_redim.jpg Graphic file (type jpg)
<use figs/tela_principal_menu_redim.jpg>
Package pdftex.def Info: figs/tela_principal_menu_redim.jpg  used on input line 1935.
(pdftex.def)             Requested size: 318.49861pt x 180.20453pt.
 [70 <./figs/login_alto_contraste_mobile.jpg> <./figs/login_sem_alto_contraste_mobile.jpg>] [71 <./figs/tela_principal_redim.jpg> <./figs/tela_principal_menu_redim.jpg>] [72]
Cap\'{\i }tulo 5.
[73

] (C:\Users\Yasmin Moura\AppData\Local\Programs\MiKTeX\tex/latex/listings\lstlang1.sty
File: lstlang1.sty 2025/11/14 1.11b listings language file
)
LaTeX Font Info:    Font shape `T1/lmtt/bx/n' in size <10.95> not available
(Font)              Font shape `T1/lmtt/b/n' tried instead on input line 2032.
 [74] [75] [76] [77] [78] [79] [80] [81] [82]
Cap\'{\i }tulo 6.
[83

] [84] [85] [86]) [87]
\openout2 = `02Horas.aux'.

 (02Horas.tex
Cap\'{\i }tulo 7.
<sprints/Sprint01_SeniorCareManager-Frontend_assinado.pdf, id=1312, 597.55246pt x 845.07724pt>
File: sprints/Sprint01_SeniorCareManager-Frontend_assinado.pdf Graphic file (type pdf)
<use sprints/Sprint01_SeniorCareManager-Frontend_assinado.pdf>
Package pdftex.def Info: sprints/Sprint01_SeniorCareManager-Frontend_assinado.pdf  used on input line 39.
(pdftex.def)             Requested size: 597.551pt x 845.07518pt.
<sprints/Sprint01_SeniorCareManager-Frontend_assinado.pdf, id=1314, page=1, 597.55246pt x 845.07724pt>
File: sprints/Sprint01_SeniorCareManager-Frontend_assinado.pdf Graphic file (type pdf)
<use sprints/Sprint01_SeniorCareManager-Frontend_assinado.pdf, page 1>
Package pdftex.def Info: sprints/Sprint01_SeniorCareManager-Frontend_assinado.pdf , page1 used on input line 39.
(pdftex.def)             Requested size: 597.551pt x 845.07518pt.
File: sprints/Sprint01_SeniorCareManager-Frontend_assinado.pdf Graphic file (type pdf)
<use sprints/Sprint01_SeniorCareManager-Frontend_assinado.pdf, page 1>
Package pdftex.def Info: sprints/Sprint01_SeniorCareManager-Frontend_assinado.pdf , page1 used on input line 39.
(pdftex.def)             Requested size: 478.04262pt x 676.06271pt.
[88




]
File: sprints/Sprint01_SeniorCareManager-Frontend_assinado.pdf Graphic file (type pdf)
<use sprints/Sprint01_SeniorCareManager-Frontend_assinado.pdf, page 1>
Package pdftex.def Info: sprints/Sprint01_SeniorCareManager-Frontend_assinado.pdf , page1 used on input line 39.
(pdftex.def)             Requested size: 478.04262pt x 676.06271pt.
File: sprints/Sprint01_SeniorCareManager-Frontend_assinado.pdf Graphic file (type pdf)
<use sprints/Sprint01_SeniorCareManager-Frontend_assinado.pdf, page 1>
Package pdftex.def Info: sprints/Sprint01_SeniorCareManager-Frontend_assinado.pdf , page1 used on input line 39.
(pdftex.def)             Requested size: 478.04262pt x 676.06271pt.
File: sprints/Sprint01_SeniorCareManager-Frontend_assinado.pdf Graphic file (type pdf)
<use sprints/Sprint01_SeniorCareManager-Frontend_assinado.pdf, page 1>
Package pdftex.def Info: sprints/Sprint01_SeniorCareManager-Frontend_assinado.pdf , page1 used on input line 39.
(pdftex.def)             Requested size: 478.04262pt x 676.06271pt.
 [89

 <./sprints/Sprint01_SeniorCareManager-Frontend_assinado.pdf>]
File: sprints/Sprint01_SeniorCareManager-Frontend_assinado.pdf Graphic file (type pdf)
<use sprints/Sprint01_SeniorCareManager-Frontend_assinado.pdf>
Package pdftex.def Info: sprints/Sprint01_SeniorCareManager-Frontend_assinado.pdf  used on input line 44.
(pdftex.def)             Requested size: 597.551pt x 845.07518pt.
<sprints/Sprint01_SeniorCareManager-Frontend_assinado.pdf, id=1326, page=2, 597.55246pt x 845.07724pt>
File: sprints/Sprint01_SeniorCareManager-Frontend_assinado.pdf Graphic file (type pdf)
<use sprints/Sprint01_SeniorCareManager-Frontend_assinado.pdf, page 2>
Package pdftex.def Info: sprints/Sprint01_SeniorCareManager-Frontend_assinado.pdf , page2 used on input line 44.
(pdftex.def)             Requested size: 597.551pt x 845.07518pt.
File: sprints/Sprint01_SeniorCareManager-Frontend_assinado.pdf Graphic file (type pdf)
<use sprints/Sprint01_SeniorCareManager-Frontend_assinado.pdf, page 2>
Package pdftex.def Info: sprints/Sprint01_SeniorCareManager-Frontend_assinado.pdf , page2 used on input line 44.
(pdftex.def)             Requested size: 478.04262pt x 676.06271pt.
File: sprints/Sprint01_SeniorCareManager-Frontend_assinado.pdf Graphic file (type pdf)
<use sprints/Sprint01_SeniorCareManager-Frontend_assinado.pdf, page 2>
Package pdftex.def Info: sprints/Sprint01_SeniorCareManager-Frontend_assinado.pdf , page2 used on input line 44.
(pdftex.def)             Requested size: 478.04262pt x 676.06271pt.
File: sprints/Sprint01_SeniorCareManager-Frontend_assinado.pdf Graphic file (type pdf)
<use sprints/Sprint01_SeniorCareManager-Frontend_assinado.pdf, page 2>
Package pdftex.def Info: sprints/Sprint01_SeniorCareManager-Frontend_assinado.pdf , page2 used on input line 44.
(pdftex.def)             Requested size: 478.04262pt x 676.06271pt.
File: sprints/Sprint01_SeniorCareManager-Frontend_assinado.pdf Graphic file (type pdf)
<use sprints/Sprint01_SeniorCareManager-Frontend_assinado.pdf, page 2>
Package pdftex.def Info: sprints/Sprint01_SeniorCareManager-Frontend_assinado.pdf , page2 used on input line 44.
(pdftex.def)             Requested size: 478.04262pt x 676.06271pt.
 [90

 <./sprints/Sprint01_SeniorCareManager-Frontend_assinado.pdf>]
<sprints/Sprint01_SeniorCareManager-Frontend_assinado.pdf, id=1333, page=3, 597.55246pt x 845.07724pt>
File: sprints/Sprint01_SeniorCareManager-Frontend_assinado.pdf Graphic file (type pdf)
<use sprints/Sprint01_SeniorCareManager-Frontend_assinado.pdf, page 3>
Package pdftex.def Info: sprints/Sprint01_SeniorCareManager-Frontend_assinado.pdf , page3 used on input line 44.
(pdftex.def)             Requested size: 478.04262pt x 676.06271pt.
File: sprints/Sprint01_SeniorCareManager-Frontend_assinado.pdf Graphic file (type pdf)
<use sprints/Sprint01_SeniorCareManager-Frontend_assinado.pdf, page 3>
Package pdftex.def Info: sprints/Sprint01_SeniorCareManager-Frontend_assinado.pdf , page3 used on input line 44.
(pdftex.def)             Requested size: 478.04262pt x 676.06271pt.
File: sprints/Sprint01_SeniorCareManager-Frontend_assinado.pdf Graphic file (type pdf)
<use sprints/Sprint01_SeniorCareManager-Frontend_assinado.pdf, page 3>
Package pdftex.def Info: sprints/Sprint01_SeniorCareManager-Frontend_assinado.pdf , page3 used on input line 44.
(pdftex.def)             Requested size: 478.04262pt x 676.06271pt.
 [91

 <./sprints/Sprint01_SeniorCareManager-Frontend_assinado.pdf>]
<sprints/Sprint01_SeniorCareManager-Frontend_assinado.pdf, id=1339, page=4, 597.55246pt x 845.07724pt>
File: sprints/Sprint01_SeniorCareManager-Frontend_assinado.pdf Graphic file (type pdf)
<use sprints/Sprint01_SeniorCareManager-Frontend_assinado.pdf, page 4>
Package pdftex.def Info: sprints/Sprint01_SeniorCareManager-Frontend_assinado.pdf , page4 used on input line 44.
(pdftex.def)             Requested size: 478.04262pt x 676.06271pt.
File: sprints/Sprint01_SeniorCareManager-Frontend_assinado.pdf Graphic file (type pdf)
<use sprints/Sprint01_SeniorCareManager-Frontend_assinado.pdf, page 4>
Package pdftex.def Info: sprints/Sprint01_SeniorCareManager-Frontend_assinado.pdf , page4 used on input line 44.
(pdftex.def)             Requested size: 478.04262pt x 676.06271pt.
File: sprints/Sprint01_SeniorCareManager-Frontend_assinado.pdf Graphic file (type pdf)
<use sprints/Sprint01_SeniorCareManager-Frontend_assinado.pdf, page 4>
Package pdftex.def Info: sprints/Sprint01_SeniorCareManager-Frontend_assinado.pdf , page4 used on input line 44.
(pdftex.def)             Requested size: 478.04262pt x 676.06271pt.
 [92

 <./sprints/Sprint01_SeniorCareManager-Frontend_assinado.pdf>]
<sprints/Sprint01_SeniorCareManager-Frontend_assinado.pdf, id=1344, page=5, 597.55246pt x 845.07724pt>
File: sprints/Sprint01_SeniorCareManager-Frontend_assinado.pdf Graphic file (type pdf)
<use sprints/Sprint01_SeniorCareManager-Frontend_assinado.pdf, page 5>
Package pdftex.def Info: sprints/Sprint01_SeniorCareManager-Frontend_assinado.pdf , page5 used on input line 44.
(pdftex.def)             Requested size: 478.04262pt x 676.06271pt.
File: sprints/Sprint01_SeniorCareManager-Frontend_assinado.pdf Graphic file (type pdf)
<use sprints/Sprint01_SeniorCareManager-Frontend_assinado.pdf, page 5>
Package pdftex.def Info: sprints/Sprint01_SeniorCareManager-Frontend_assinado.pdf , page5 used on input line 44.
(pdftex.def)             Requested size: 478.04262pt x 676.06271pt.
File: sprints/Sprint01_SeniorCareManager-Frontend_assinado.pdf Graphic file (type pdf)
<use sprints/Sprint01_SeniorCareManager-Frontend_assinado.pdf, page 5>
Package pdftex.def Info: sprints/Sprint01_SeniorCareManager-Frontend_assinado.pdf , page5 used on input line 44.
(pdftex.def)             Requested size: 478.04262pt x 676.06271pt.
 [93

 <./sprints/Sprint01_SeniorCareManager-Frontend_assinado.pdf>]
<sprints/Sprint01_SeniorCareManager-Frontend_assinado.pdf, id=1350, page=6, 597.55246pt x 845.07724pt>
File: sprints/Sprint01_SeniorCareManager-Frontend_assinado.pdf Graphic file (type pdf)
<use sprints/Sprint01_SeniorCareManager-Frontend_assinado.pdf, page 6>
Package pdftex.def Info: sprints/Sprint01_SeniorCareManager-Frontend_assinado.pdf , page6 used on input line 44.
(pdftex.def)             Requested size: 478.04262pt x 676.06271pt.
File: sprints/Sprint01_SeniorCareManager-Frontend_assinado.pdf Graphic file (type pdf)
<use sprints/Sprint01_SeniorCareManager-Frontend_assinado.pdf, page 6>
Package pdftex.def Info: sprints/Sprint01_SeniorCareManager-Frontend_assinado.pdf , page6 used on input line 44.
(pdftex.def)             Requested size: 478.04262pt x 676.06271pt.
File: sprints/Sprint01_SeniorCareManager-Frontend_assinado.pdf Graphic file (type pdf)
<use sprints/Sprint01_SeniorCareManager-Frontend_assinado.pdf, page 6>
Package pdftex.def Info: sprints/Sprint01_SeniorCareManager-Frontend_assinado.pdf , page6 used on input line 44.
(pdftex.def)             Requested size: 478.04262pt x 676.06271pt.
 [94

 <./sprints/Sprint01_SeniorCareManager-Frontend_assinado.pdf>]
<sprints/Sprint01_SeniorCareManager-Frontend_assinado.pdf, id=1357, page=7, 597.55246pt x 845.07724pt>
File: sprints/Sprint01_SeniorCareManager-Frontend_assinado.pdf Graphic file (type pdf)
<use sprints/Sprint01_SeniorCareManager-Frontend_assinado.pdf, page 7>
Package pdftex.def Info: sprints/Sprint01_SeniorCareManager-Frontend_assinado.pdf , page7 used on input line 44.
(pdftex.def)             Requested size: 478.04262pt x 676.06271pt.
File: sprints/Sprint01_SeniorCareManager-Frontend_assinado.pdf Graphic file (type pdf)
<use sprints/Sprint01_SeniorCareManager-Frontend_assinado.pdf, page 7>
Package pdftex.def Info: sprints/Sprint01_SeniorCareManager-Frontend_assinado.pdf , page7 used on input line 44.
(pdftex.def)             Requested size: 478.04262pt x 676.06271pt.
File: sprints/Sprint01_SeniorCareManager-Frontend_assinado.pdf Graphic file (type pdf)
<use sprints/Sprint01_SeniorCareManager-Frontend_assinado.pdf, page 7>
Package pdftex.def Info: sprints/Sprint01_SeniorCareManager-Frontend_assinado.pdf , page7 used on input line 44.
(pdftex.def)             Requested size: 478.04262pt x 676.06271pt.
 [95

 <./sprints/Sprint01_SeniorCareManager-Frontend_assinado.pdf>]
<sprints/Sprint01_SeniorCareManager-Frontend_assinado.pdf, id=1363, page=8, 597.55246pt x 845.07724pt>
File: sprints/Sprint01_SeniorCareManager-Frontend_assinado.pdf Graphic file (type pdf)
<use sprints/Sprint01_SeniorCareManager-Frontend_assinado.pdf, page 8>
Package pdftex.def Info: sprints/Sprint01_SeniorCareManager-Frontend_assinado.pdf , page8 used on input line 44.
(pdftex.def)             Requested size: 478.04262pt x 676.06271pt.
File: sprints/Sprint01_SeniorCareManager-Frontend_assinado.pdf Graphic file (type pdf)
<use sprints/Sprint01_SeniorCareManager-Frontend_assinado.pdf, page 8>
Package pdftex.def Info: sprints/Sprint01_SeniorCareManager-Frontend_assinado.pdf , page8 used on input line 44.
(pdftex.def)             Requested size: 478.04262pt x 676.06271pt.
File: sprints/Sprint01_SeniorCareManager-Frontend_assinado.pdf Graphic file (type pdf)
<use sprints/Sprint01_SeniorCareManager-Frontend_assinado.pdf, page 8>
Package pdftex.def Info: sprints/Sprint01_SeniorCareManager-Frontend_assinado.pdf , page8 used on input line 44.
(pdftex.def)             Requested size: 478.04262pt x 676.06271pt.
 [96

 <./sprints/Sprint01_SeniorCareManager-Frontend_assinado.pdf>]
<sprints/Sprint01_SeniorCareManager-Frontend_assinado.pdf, id=1370, page=9, 597.55246pt x 845.07724pt>
File: sprints/Sprint01_SeniorCareManager-Frontend_assinado.pdf Graphic file (type pdf)
<use sprints/Sprint01_SeniorCareManager-Frontend_assinado.pdf, page 9>
Package pdftex.def Info: sprints/Sprint01_SeniorCareManager-Frontend_assinado.pdf , page9 used on input line 44.
(pdftex.def)             Requested size: 478.04262pt x 676.06271pt.
File: sprints/Sprint01_SeniorCareManager-Frontend_assinado.pdf Graphic file (type pdf)
<use sprints/Sprint01_SeniorCareManager-Frontend_assinado.pdf, page 9>
Package pdftex.def Info: sprints/Sprint01_SeniorCareManager-Frontend_assinado.pdf , page9 used on input line 44.
(pdftex.def)             Requested size: 478.04262pt x 676.06271pt.
File: sprints/Sprint01_SeniorCareManager-Frontend_assinado.pdf Graphic file (type pdf)
<use sprints/Sprint01_SeniorCareManager-Frontend_assinado.pdf, page 9>
Package pdftex.def Info: sprints/Sprint01_SeniorCareManager-Frontend_assinado.pdf , page9 used on input line 44.
(pdftex.def)             Requested size: 478.04262pt x 676.06271pt.
 [97

 <./sprints/Sprint01_SeniorCareManager-Frontend_assinado.pdf>]
<sprints/Sprint01_SeniorCareManager-Frontend_assinado.pdf, id=1376, page=10, 597.55246pt x 845.07724pt>
File: sprints/Sprint01_SeniorCareManager-Frontend_assinado.pdf Graphic file (type pdf)
<use sprints/Sprint01_SeniorCareManager-Frontend_assinado.pdf, page 10>
Package pdftex.def Info: sprints/Sprint01_SeniorCareManager-Frontend_assinado.pdf , page10 used on input line 44.
(pdftex.def)             Requested size: 478.04262pt x 676.06271pt.
File: sprints/Sprint01_SeniorCareManager-Frontend_assinado.pdf Graphic file (type pdf)
<use sprints/Sprint01_SeniorCareManager-Frontend_assinado.pdf, page 10>
Package pdftex.def Info: sprints/Sprint01_SeniorCareManager-Frontend_assinado.pdf , page10 used on input line 44.
(pdftex.def)             Requested size: 478.04262pt x 676.06271pt.
File: sprints/Sprint01_SeniorCareManager-Frontend_assinado.pdf Graphic file (type pdf)
<use sprints/Sprint01_SeniorCareManager-Frontend_assinado.pdf, page 10>
Package pdftex.def Info: sprints/Sprint01_SeniorCareManager-Frontend_assinado.pdf , page10 used on input line 44.
(pdftex.def)             Requested size: 478.04262pt x 676.06271pt.
 [98

 <./sprints/Sprint01_SeniorCareManager-Frontend_assinado.pdf>]
<sprints/Sprint01_SeniorCareManager-Frontend_assinado.pdf, id=1381, page=11, 597.55246pt x 845.07724pt>
File: sprints/Sprint01_SeniorCareManager-Frontend_assinado.pdf Graphic file (type pdf)
<use sprints/Sprint01_SeniorCareManager-Frontend_assinado.pdf, page 11>
Package pdftex.def Info: sprints/Sprint01_SeniorCareManager-Frontend_assinado.pdf , page11 used on input line 44.
(pdftex.def)             Requested size: 478.04262pt x 676.06271pt.
File: sprints/Sprint01_SeniorCareManager-Frontend_assinado.pdf Graphic file (type pdf)
<use sprints/Sprint01_SeniorCareManager-Frontend_assinado.pdf, page 11>
Package pdftex.def Info: sprints/Sprint01_SeniorCareManager-Frontend_assinado.pdf , page11 used on input line 44.
(pdftex.def)             Requested size: 478.04262pt x 676.06271pt.
File: sprints/Sprint01_SeniorCareManager-Frontend_assinado.pdf Graphic file (type pdf)
<use sprints/Sprint01_SeniorCareManager-Frontend_assinado.pdf, page 11>
Package pdftex.def Info: sprints/Sprint01_SeniorCareManager-Frontend_assinado.pdf , page11 used on input line 44.
(pdftex.def)             Requested size: 478.04262pt x 676.06271pt.
 [99

 <./sprints/Sprint01_SeniorCareManager-Frontend_assinado.pdf>]
<sprints/Sprint01_SeniorCareManager-Frontend_assinado.pdf, id=1386, page=12, 597.55246pt x 845.07724pt>
File: sprints/Sprint01_SeniorCareManager-Frontend_assinado.pdf Graphic file (type pdf)
<use sprints/Sprint01_SeniorCareManager-Frontend_assinado.pdf, page 12>
Package pdftex.def Info: sprints/Sprint01_SeniorCareManager-Frontend_assinado.pdf , page12 used on input line 44.
(pdftex.def)             Requested size: 478.04262pt x 676.06271pt.
File: sprints/Sprint01_SeniorCareManager-Frontend_assinado.pdf Graphic file (type pdf)
<use sprints/Sprint01_SeniorCareManager-Frontend_assinado.pdf, page 12>
Package pdftex.def Info: sprints/Sprint01_SeniorCareManager-Frontend_assinado.pdf , page12 used on input line 44.
(pdftex.def)             Requested size: 478.04262pt x 676.06271pt.
File: sprints/Sprint01_SeniorCareManager-Frontend_assinado.pdf Graphic file (type pdf)
<use sprints/Sprint01_SeniorCareManager-Frontend_assinado.pdf, page 12>
Package pdftex.def Info: sprints/Sprint01_SeniorCareManager-Frontend_assinado.pdf , page12 used on input line 44.
(pdftex.def)             Requested size: 478.04262pt x 676.06271pt.
 [100

 <./sprints/Sprint01_SeniorCareManager-Frontend_assinado.pdf>]
<sprints/Sprint01_SeniorCareManager-Frontend_assinado.pdf, id=1393, page=13, 597.55246pt x 845.07724pt>
File: sprints/Sprint01_SeniorCareManager-Frontend_assinado.pdf Graphic file (type pdf)
<use sprints/Sprint01_SeniorCareManager-Frontend_assinado.pdf, page 13>
Package pdftex.def Info: sprints/Sprint01_SeniorCareManager-Frontend_assinado.pdf , page13 used on input line 44.
(pdftex.def)             Requested size: 478.04262pt x 676.06271pt.
File: sprints/Sprint01_SeniorCareManager-Frontend_assinado.pdf Graphic file (type pdf)
<use sprints/Sprint01_SeniorCareManager-Frontend_assinado.pdf, page 13>
Package pdftex.def Info: sprints/Sprint01_SeniorCareManager-Frontend_assinado.pdf , page13 used on input line 44.
(pdftex.def)             Requested size: 478.04262pt x 676.06271pt.
File: sprints/Sprint01_SeniorCareManager-Frontend_assinado.pdf Graphic file (type pdf)
<use sprints/Sprint01_SeniorCareManager-Frontend_assinado.pdf, page 13>
Package pdftex.def Info: sprints/Sprint01_SeniorCareManager-Frontend_assinado.pdf , page13 used on input line 44.
(pdftex.def)             Requested size: 478.04262pt x 676.06271pt.
 [101

 <./sprints/Sprint01_SeniorCareManager-Frontend_assinado.pdf>]
<sprints/Sprint01_SeniorCareManager-Frontend_assinado.pdf, id=1401, page=14, 597.55246pt x 845.07724pt>
File: sprints/Sprint01_SeniorCareManager-Frontend_assinado.pdf Graphic file (type pdf)
<use sprints/Sprint01_SeniorCareManager-Frontend_assinado.pdf, page 14>
Package pdftex.def Info: sprints/Sprint01_SeniorCareManager-Frontend_assinado.pdf , page14 used on input line 44.
(pdftex.def)             Requested size: 478.04262pt x 676.06271pt.
File: sprints/Sprint01_SeniorCareManager-Frontend_assinado.pdf Graphic file (type pdf)
<use sprints/Sprint01_SeniorCareManager-Frontend_assinado.pdf, page 14>
Package pdftex.def Info: sprints/Sprint01_SeniorCareManager-Frontend_assinado.pdf , page14 used on input line 44.
(pdftex.def)             Requested size: 478.04262pt x 676.06271pt.
File: sprints/Sprint01_SeniorCareManager-Frontend_assinado.pdf Graphic file (type pdf)
<use sprints/Sprint01_SeniorCareManager-Frontend_assinado.pdf, page 14>
Package pdftex.def Info: sprints/Sprint01_SeniorCareManager-Frontend_assinado.pdf , page14 used on input line 44.
(pdftex.def)             Requested size: 478.04262pt x 676.06271pt.
 [102

 <./sprints/Sprint01_SeniorCareManager-Frontend_assinado.pdf>]
<sprints/Sprint02_SeniorCareManager-Frontend.pdf, id=1408, 597.55246pt x 845.07718pt>
File: sprints/Sprint02_SeniorCareManager-Frontend.pdf Graphic file (type pdf)
<use sprints/Sprint02_SeniorCareManager-Frontend.pdf>
Package pdftex.def Info: sprints/Sprint02_SeniorCareManager-Frontend.pdf  used on input line 50.
(pdftex.def)             Requested size: 597.551pt x 845.07512pt.
<sprints/Sprint02_SeniorCareManager-Frontend.pdf, id=1410, page=1, 597.55246pt x 845.07718pt>
File: sprints/Sprint02_SeniorCareManager-Frontend.pdf Graphic file (type pdf)
<use sprints/Sprint02_SeniorCareManager-Frontend.pdf, page 1>
Package pdftex.def Info: sprints/Sprint02_SeniorCareManager-Frontend.pdf , page1 used on input line 50.
(pdftex.def)             Requested size: 597.551pt x 845.07512pt.
File: sprints/Sprint02_SeniorCareManager-Frontend.pdf Graphic file (type pdf)
<use sprints/Sprint02_SeniorCareManager-Frontend.pdf, page 1>
Package pdftex.def Info: sprints/Sprint02_SeniorCareManager-Frontend.pdf , page1 used on input line 50.
(pdftex.def)             Requested size: 478.04262pt x 676.06267pt.
File: sprints/Sprint02_SeniorCareManager-Frontend.pdf Graphic file (type pdf)
<use sprints/Sprint02_SeniorCareManager-Frontend.pdf, page 1>
Package pdftex.def Info: sprints/Sprint02_SeniorCareManager-Frontend.pdf , page1 used on input line 50.
(pdftex.def)             Requested size: 478.04262pt x 676.06267pt.
File: sprints/Sprint02_SeniorCareManager-Frontend.pdf Graphic file (type pdf)
<use sprints/Sprint02_SeniorCareManager-Frontend.pdf, page 1>
Package pdftex.def Info: sprints/Sprint02_SeniorCareManager-Frontend.pdf , page1 used on input line 50.
(pdftex.def)             Requested size: 478.04262pt x 676.06267pt.
File: sprints/Sprint02_SeniorCareManager-Frontend.pdf Graphic file (type pdf)
<use sprints/Sprint02_SeniorCareManager-Frontend.pdf, page 1>
Package pdftex.def Info: sprints/Sprint02_SeniorCareManager-Frontend.pdf , page1 used on input line 50.
(pdftex.def)             Requested size: 478.04262pt x 676.06267pt.
 [103

 <./sprints/Sprint02_SeniorCareManager-Frontend.pdf>]
File: sprints/Sprint02_SeniorCareManager-Frontend.pdf Graphic file (type pdf)
<use sprints/Sprint02_SeniorCareManager-Frontend.pdf>
Package pdftex.def Info: sprints/Sprint02_SeniorCareManager-Frontend.pdf  used on input line 55.
(pdftex.def)             Requested size: 597.551pt x 845.07512pt.
<sprints/Sprint02_SeniorCareManager-Frontend.pdf, id=1444, page=2, 597.55246pt x 845.07718pt>
File: sprints/Sprint02_SeniorCareManager-Frontend.pdf Graphic file (type pdf)
<use sprints/Sprint02_SeniorCareManager-Frontend.pdf, page 2>
Package pdftex.def Info: sprints/Sprint02_SeniorCareManager-Frontend.pdf , page2 used on input line 55.
(pdftex.def)             Requested size: 597.551pt x 845.07512pt.
File: sprints/Sprint02_SeniorCareManager-Frontend.pdf Graphic file (type pdf)
<use sprints/Sprint02_SeniorCareManager-Frontend.pdf, page 2>
Package pdftex.def Info: sprints/Sprint02_SeniorCareManager-Frontend.pdf , page2 used on input line 55.
(pdftex.def)             Requested size: 478.04262pt x 676.06267pt.
File: sprints/Sprint02_SeniorCareManager-Frontend.pdf Graphic file (type pdf)
<use sprints/Sprint02_SeniorCareManager-Frontend.pdf, page 2>
Package pdftex.def Info: sprints/Sprint02_SeniorCareManager-Frontend.pdf , page2 used on input line 55.
(pdftex.def)             Requested size: 478.04262pt x 676.06267pt.
File: sprints/Sprint02_SeniorCareManager-Frontend.pdf Graphic file (type pdf)
<use sprints/Sprint02_SeniorCareManager-Frontend.pdf, page 2>
Package pdftex.def Info: sprints/Sprint02_SeniorCareManager-Frontend.pdf , page2 used on input line 55.
(pdftex.def)             Requested size: 478.04262pt x 676.06267pt.
File: sprints/Sprint02_SeniorCareManager-Frontend.pdf Graphic file (type pdf)
<use sprints/Sprint02_SeniorCareManager-Frontend.pdf, page 2>
Package pdftex.def Info: sprints/Sprint02_SeniorCareManager-Frontend.pdf , page2 used on input line 55.
(pdftex.def)             Requested size: 478.04262pt x 676.06267pt.
 [104

 <./sprints/Sprint02_SeniorCareManager-Frontend.pdf>]
<sprints/Sprint02_SeniorCareManager-Frontend.pdf, id=1472, page=3, 597.55246pt x 845.07718pt>
File: sprints/Sprint02_SeniorCareManager-Frontend.pdf Graphic file (type pdf)
<use sprints/Sprint02_SeniorCareManager-Frontend.pdf, page 3>
Package pdftex.def Info: sprints/Sprint02_SeniorCareManager-Frontend.pdf , page3 used on input line 55.
(pdftex.def)             Requested size: 478.04262pt x 676.06267pt.
File: sprints/Sprint02_SeniorCareManager-Frontend.pdf Graphic file (type pdf)
<use sprints/Sprint02_SeniorCareManager-Frontend.pdf, page 3>
Package pdftex.def Info: sprints/Sprint02_SeniorCareManager-Frontend.pdf , page3 used on input line 55.
(pdftex.def)             Requested size: 478.04262pt x 676.06267pt.
File: sprints/Sprint02_SeniorCareManager-Frontend.pdf Graphic file (type pdf)
<use sprints/Sprint02_SeniorCareManager-Frontend.pdf, page 3>
Package pdftex.def Info: sprints/Sprint02_SeniorCareManager-Frontend.pdf , page3 used on input line 55.
(pdftex.def)             Requested size: 478.04262pt x 676.06267pt.
 [105

 <./sprints/Sprint02_SeniorCareManager-Frontend.pdf>]
<sprints/Sprint02_SeniorCareManager-Frontend.pdf, id=1486, page=4, 597.55246pt x 845.07718pt>
File: sprints/Sprint02_SeniorCareManager-Frontend.pdf Graphic file (type pdf)
<use sprints/Sprint02_SeniorCareManager-Frontend.pdf, page 4>
Package pdftex.def Info: sprints/Sprint02_SeniorCareManager-Frontend.pdf , page4 used on input line 55.
(pdftex.def)             Requested size: 478.04262pt x 676.06267pt.
File: sprints/Sprint02_SeniorCareManager-Frontend.pdf Graphic file (type pdf)
<use sprints/Sprint02_SeniorCareManager-Frontend.pdf, page 4>
Package pdftex.def Info: sprints/Sprint02_SeniorCareManager-Frontend.pdf , page4 used on input line 55.
(pdftex.def)             Requested size: 478.04262pt x 676.06267pt.
File: sprints/Sprint02_SeniorCareManager-Frontend.pdf Graphic file (type pdf)
<use sprints/Sprint02_SeniorCareManager-Frontend.pdf, page 4>
Package pdftex.def Info: sprints/Sprint02_SeniorCareManager-Frontend.pdf , page4 used on input line 55.
(pdftex.def)             Requested size: 478.04262pt x 676.06267pt.
 [106

 <./sprints/Sprint02_SeniorCareManager-Frontend.pdf>]
<sprints/Sprint02_SeniorCareManager-Frontend.pdf, id=1496, page=5, 597.55246pt x 845.07718pt>
File: sprints/Sprint02_SeniorCareManager-Frontend.pdf Graphic file (type pdf)
<use sprints/Sprint02_SeniorCareManager-Frontend.pdf, page 5>
Package pdftex.def Info: sprints/Sprint02_SeniorCareManager-Frontend.pdf , page5 used on input line 55.
(pdftex.def)             Requested size: 478.04262pt x 676.06267pt.
File: sprints/Sprint02_SeniorCareManager-Frontend.pdf Graphic file (type pdf)
<use sprints/Sprint02_SeniorCareManager-Frontend.pdf, page 5>
Package pdftex.def Info: sprints/Sprint02_SeniorCareManager-Frontend.pdf , page5 used on input line 55.
(pdftex.def)             Requested size: 478.04262pt x 676.06267pt.
File: sprints/Sprint02_SeniorCareManager-Frontend.pdf Graphic file (type pdf)
<use sprints/Sprint02_SeniorCareManager-Frontend.pdf, page 5>
Package pdftex.def Info: sprints/Sprint02_SeniorCareManager-Frontend.pdf , page5 used on input line 55.
(pdftex.def)             Requested size: 478.04262pt x 676.06267pt.
 [107

 <./sprints/Sprint02_SeniorCareManager-Frontend.pdf>]
<sprints/Sprint02_SeniorCareManager-Frontend.pdf, id=1504, page=6, 597.55246pt x 845.07718pt>
File: sprints/Sprint02_SeniorCareManager-Frontend.pdf Graphic file (type pdf)
<use sprints/Sprint02_SeniorCareManager-Frontend.pdf, page 6>
Package pdftex.def Info: sprints/Sprint02_SeniorCareManager-Frontend.pdf , page6 used on input line 55.
(pdftex.def)             Requested size: 478.04262pt x 676.06267pt.
File: sprints/Sprint02_SeniorCareManager-Frontend.pdf Graphic file (type pdf)
<use sprints/Sprint02_SeniorCareManager-Frontend.pdf, page 6>
Package pdftex.def Info: sprints/Sprint02_SeniorCareManager-Frontend.pdf , page6 used on input line 55.
(pdftex.def)             Requested size: 478.04262pt x 676.06267pt.
File: sprints/Sprint02_SeniorCareManager-Frontend.pdf Graphic file (type pdf)
<use sprints/Sprint02_SeniorCareManager-Frontend.pdf, page 6>
Package pdftex.def Info: sprints/Sprint02_SeniorCareManager-Frontend.pdf , page6 used on input line 55.
(pdftex.def)             Requested size: 478.04262pt x 676.06267pt.
 [108

 <./sprints/Sprint02_SeniorCareManager-Frontend.pdf>]
<sprints/Sprint02_SeniorCareManager-Frontend.pdf, id=1513, page=7, 597.55246pt x 845.07718pt>
File: sprints/Sprint02_SeniorCareManager-Frontend.pdf Graphic file (type pdf)
<use sprints/Sprint02_SeniorCareManager-Frontend.pdf, page 7>
Package pdftex.def Info: sprints/Sprint02_SeniorCareManager-Frontend.pdf , page7 used on input line 55.
(pdftex.def)             Requested size: 478.04262pt x 676.06267pt.
File: sprints/Sprint02_SeniorCareManager-Frontend.pdf Graphic file (type pdf)
<use sprints/Sprint02_SeniorCareManager-Frontend.pdf, page 7>
Package pdftex.def Info: sprints/Sprint02_SeniorCareManager-Frontend.pdf , page7 used on input line 55.
(pdftex.def)             Requested size: 478.04262pt x 676.06267pt.
File: sprints/Sprint02_SeniorCareManager-Frontend.pdf Graphic file (type pdf)
<use sprints/Sprint02_SeniorCareManager-Frontend.pdf, page 7>
Package pdftex.def Info: sprints/Sprint02_SeniorCareManager-Frontend.pdf , page7 used on input line 55.
(pdftex.def)             Requested size: 478.04262pt x 676.06267pt.
 [109

 <./sprints/Sprint02_SeniorCareManager-Frontend.pdf>]
<sprints/Sprint02_SeniorCareManager-Frontend.pdf, id=1521, page=8, 597.55246pt x 845.07718pt>
File: sprints/Sprint02_SeniorCareManager-Frontend.pdf Graphic file (type pdf)
<use sprints/Sprint02_SeniorCareManager-Frontend.pdf, page 8>
Package pdftex.def Info: sprints/Sprint02_SeniorCareManager-Frontend.pdf , page8 used on input line 55.
(pdftex.def)             Requested size: 478.04262pt x 676.06267pt.
File: sprints/Sprint02_SeniorCareManager-Frontend.pdf Graphic file (type pdf)
<use sprints/Sprint02_SeniorCareManager-Frontend.pdf, page 8>
Package pdftex.def Info: sprints/Sprint02_SeniorCareManager-Frontend.pdf , page8 used on input line 55.
(pdftex.def)             Requested size: 478.04262pt x 676.06267pt.
File: sprints/Sprint02_SeniorCareManager-Frontend.pdf Graphic file (type pdf)
<use sprints/Sprint02_SeniorCareManager-Frontend.pdf, page 8>
Package pdftex.def Info: sprints/Sprint02_SeniorCareManager-Frontend.pdf , page8 used on input line 55.
(pdftex.def)             Requested size: 478.04262pt x 676.06267pt.
 [110

 <./sprints/Sprint02_SeniorCareManager-Frontend.pdf>]
<sprints/Sprint02_SeniorCareManager-Frontend.pdf, id=1529, page=9, 597.55246pt x 845.07718pt>
File: sprints/Sprint02_SeniorCareManager-Frontend.pdf Graphic file (type pdf)
<use sprints/Sprint02_SeniorCareManager-Frontend.pdf, page 9>
Package pdftex.def Info: sprints/Sprint02_SeniorCareManager-Frontend.pdf , page9 used on input line 55.
(pdftex.def)             Requested size: 478.04262pt x 676.06267pt.
File: sprints/Sprint02_SeniorCareManager-Frontend.pdf Graphic file (type pdf)
<use sprints/Sprint02_SeniorCareManager-Frontend.pdf, page 9>
Package pdftex.def Info: sprints/Sprint02_SeniorCareManager-Frontend.pdf , page9 used on input line 55.
(pdftex.def)             Requested size: 478.04262pt x 676.06267pt.
File: sprints/Sprint02_SeniorCareManager-Frontend.pdf Graphic file (type pdf)
<use sprints/Sprint02_SeniorCareManager-Frontend.pdf, page 9>
Package pdftex.def Info: sprints/Sprint02_SeniorCareManager-Frontend.pdf , page9 used on input line 55.
(pdftex.def)             Requested size: 478.04262pt x 676.06267pt.
 [111

 <./sprints/Sprint02_SeniorCareManager-Frontend.pdf>]
<sprints/Sprint02_SeniorCareManager-Frontend.pdf, id=1538, page=10, 597.55246pt x 845.07718pt>
File: sprints/Sprint02_SeniorCareManager-Frontend.pdf Graphic file (type pdf)
<use sprints/Sprint02_SeniorCareManager-Frontend.pdf, page 10>
Package pdftex.def Info: sprints/Sprint02_SeniorCareManager-Frontend.pdf , page10 used on input line 55.
(pdftex.def)             Requested size: 478.04262pt x 676.06267pt.
File: sprints/Sprint02_SeniorCareManager-Frontend.pdf Graphic file (type pdf)
<use sprints/Sprint02_SeniorCareManager-Frontend.pdf, page 10>
Package pdftex.def Info: sprints/Sprint02_SeniorCareManager-Frontend.pdf , page10 used on input line 55.
(pdftex.def)             Requested size: 478.04262pt x 676.06267pt.
File: sprints/Sprint02_SeniorCareManager-Frontend.pdf Graphic file (type pdf)
<use sprints/Sprint02_SeniorCareManager-Frontend.pdf, page 10>
Package pdftex.def Info: sprints/Sprint02_SeniorCareManager-Frontend.pdf , page10 used on input line 55.
(pdftex.def)             Requested size: 478.04262pt x 676.06267pt.
 [112

 <./sprints/Sprint02_SeniorCareManager-Frontend.pdf>]
<sprints/Sprint02_SeniorCareManager-Frontend.pdf, id=1548, page=11, 597.55246pt x 845.07718pt>
File: sprints/Sprint02_SeniorCareManager-Frontend.pdf Graphic file (type pdf)
<use sprints/Sprint02_SeniorCareManager-Frontend.pdf, page 11>
Package pdftex.def Info: sprints/Sprint02_SeniorCareManager-Frontend.pdf , page11 used on input line 55.
(pdftex.def)             Requested size: 478.04262pt x 676.06267pt.
File: sprints/Sprint02_SeniorCareManager-Frontend.pdf Graphic file (type pdf)
<use sprints/Sprint02_SeniorCareManager-Frontend.pdf, page 11>
Package pdftex.def Info: sprints/Sprint02_SeniorCareManager-Frontend.pdf , page11 used on input line 55.
(pdftex.def)             Requested size: 478.04262pt x 676.06267pt.
File: sprints/Sprint02_SeniorCareManager-Frontend.pdf Graphic file (type pdf)
<use sprints/Sprint02_SeniorCareManager-Frontend.pdf, page 11>
Package pdftex.def Info: sprints/Sprint02_SeniorCareManager-Frontend.pdf , page11 used on input line 55.
(pdftex.def)             Requested size: 478.04262pt x 676.06267pt.
 [113

 <./sprints/Sprint02_SeniorCareManager-Frontend.pdf>]
<sprints/Sprint02_SeniorCareManager-Frontend.pdf, id=1558, page=12, 597.55246pt x 845.07718pt>
File: sprints/Sprint02_SeniorCareManager-Frontend.pdf Graphic file (type pdf)
<use sprints/Sprint02_SeniorCareManager-Frontend.pdf, page 12>
Package pdftex.def Info: sprints/Sprint02_SeniorCareManager-Frontend.pdf , page12 used on input line 55.
(pdftex.def)             Requested size: 478.04262pt x 676.06267pt.
File: sprints/Sprint02_SeniorCareManager-Frontend.pdf Graphic file (type pdf)
<use sprints/Sprint02_SeniorCareManager-Frontend.pdf, page 12>
Package pdftex.def Info: sprints/Sprint02_SeniorCareManager-Frontend.pdf , page12 used on input line 55.
(pdftex.def)             Requested size: 478.04262pt x 676.06267pt.
File: sprints/Sprint02_SeniorCareManager-Frontend.pdf Graphic file (type pdf)
<use sprints/Sprint02_SeniorCareManager-Frontend.pdf, page 12>
Package pdftex.def Info: sprints/Sprint02_SeniorCareManager-Frontend.pdf , page12 used on input line 55.
(pdftex.def)             Requested size: 478.04262pt x 676.06267pt.
 [114

 <./sprints/Sprint02_SeniorCareManager-Frontend.pdf>]
<sprints/Sprint02_SeniorCareManager-Frontend.pdf, id=1568, page=13, 597.55246pt x 845.07718pt>
File: sprints/Sprint02_SeniorCareManager-Frontend.pdf Graphic file (type pdf)
<use sprints/Sprint02_SeniorCareManager-Frontend.pdf, page 13>
Package pdftex.def Info: sprints/Sprint02_SeniorCareManager-Frontend.pdf , page13 used on input line 55.
(pdftex.def)             Requested size: 478.04262pt x 676.06267pt.
File: sprints/Sprint02_SeniorCareManager-Frontend.pdf Graphic file (type pdf)
<use sprints/Sprint02_SeniorCareManager-Frontend.pdf, page 13>
Package pdftex.def Info: sprints/Sprint02_SeniorCareManager-Frontend.pdf , page13 used on input line 55.
(pdftex.def)             Requested size: 478.04262pt x 676.06267pt.
File: sprints/Sprint02_SeniorCareManager-Frontend.pdf Graphic file (type pdf)
<use sprints/Sprint02_SeniorCareManager-Frontend.pdf, page 13>
Package pdftex.def Info: sprints/Sprint02_SeniorCareManager-Frontend.pdf , page13 used on input line 55.
(pdftex.def)             Requested size: 478.04262pt x 676.06267pt.
 [115

 <./sprints/Sprint02_SeniorCareManager-Frontend.pdf>]
<sprints/Sprint02_SeniorCareManager-Frontend.pdf, id=1576, page=14, 597.55246pt x 845.07718pt>
File: sprints/Sprint02_SeniorCareManager-Frontend.pdf Graphic file (type pdf)
<use sprints/Sprint02_SeniorCareManager-Frontend.pdf, page 14>
Package pdftex.def Info: sprints/Sprint02_SeniorCareManager-Frontend.pdf , page14 used on input line 55.
(pdftex.def)             Requested size: 478.04262pt x 676.06267pt.
File: sprints/Sprint02_SeniorCareManager-Frontend.pdf Graphic file (type pdf)
<use sprints/Sprint02_SeniorCareManager-Frontend.pdf, page 14>
Package pdftex.def Info: sprints/Sprint02_SeniorCareManager-Frontend.pdf , page14 used on input line 55.
(pdftex.def)             Requested size: 478.04262pt x 676.06267pt.
File: sprints/Sprint02_SeniorCareManager-Frontend.pdf Graphic file (type pdf)
<use sprints/Sprint02_SeniorCareManager-Frontend.pdf, page 14>
Package pdftex.def Info: sprints/Sprint02_SeniorCareManager-Frontend.pdf , page14 used on input line 55.
(pdftex.def)             Requested size: 478.04262pt x 676.06267pt.
 [116

 <./sprints/Sprint02_SeniorCareManager-Frontend.pdf>]
<sprints/Sprint02_SeniorCareManager-Frontend.pdf, id=1584, page=15, 597.55246pt x 845.07718pt>
File: sprints/Sprint02_SeniorCareManager-Frontend.pdf Graphic file (type pdf)
<use sprints/Sprint02_SeniorCareManager-Frontend.pdf, page 15>
Package pdftex.def Info: sprints/Sprint02_SeniorCareManager-Frontend.pdf , page15 used on input line 55.
(pdftex.def)             Requested size: 478.04262pt x 676.06267pt.
File: sprints/Sprint02_SeniorCareManager-Frontend.pdf Graphic file (type pdf)
<use sprints/Sprint02_SeniorCareManager-Frontend.pdf, page 15>
Package pdftex.def Info: sprints/Sprint02_SeniorCareManager-Frontend.pdf , page15 used on input line 55.
(pdftex.def)             Requested size: 478.04262pt x 676.06267pt.
File: sprints/Sprint02_SeniorCareManager-Frontend.pdf Graphic file (type pdf)
<use sprints/Sprint02_SeniorCareManager-Frontend.pdf, page 15>
Package pdftex.def Info: sprints/Sprint02_SeniorCareManager-Frontend.pdf , page15 used on input line 55.
(pdftex.def)             Requested size: 478.04262pt x 676.06267pt.
 [117

 <./sprints/Sprint02_SeniorCareManager-Frontend.pdf>]
<sprints/Sprint02_SeniorCareManager-Frontend.pdf, id=1594, page=16, 597.55246pt x 845.07718pt>
File: sprints/Sprint02_SeniorCareManager-Frontend.pdf Graphic file (type pdf)
<use sprints/Sprint02_SeniorCareManager-Frontend.pdf, page 16>
Package pdftex.def Info: sprints/Sprint02_SeniorCareManager-Frontend.pdf , page16 used on input line 55.
(pdftex.def)             Requested size: 478.04262pt x 676.06267pt.
File: sprints/Sprint02_SeniorCareManager-Frontend.pdf Graphic file (type pdf)
<use sprints/Sprint02_SeniorCareManager-Frontend.pdf, page 16>
Package pdftex.def Info: sprints/Sprint02_SeniorCareManager-Frontend.pdf , page16 used on input line 55.
(pdftex.def)             Requested size: 478.04262pt x 676.06267pt.
File: sprints/Sprint02_SeniorCareManager-Frontend.pdf Graphic file (type pdf)
<use sprints/Sprint02_SeniorCareManager-Frontend.pdf, page 16>
Package pdftex.def Info: sprints/Sprint02_SeniorCareManager-Frontend.pdf , page16 used on input line 55.
(pdftex.def)             Requested size: 478.04262pt x 676.06267pt.
 [118

 <./sprints/Sprint02_SeniorCareManager-Frontend.pdf>]
<sprints/Sprint02_SeniorCareManager-Frontend.pdf, id=1602, page=17, 597.55246pt x 845.07718pt>
File: sprints/Sprint02_SeniorCareManager-Frontend.pdf Graphic file (type pdf)
<use sprints/Sprint02_SeniorCareManager-Frontend.pdf, page 17>
Package pdftex.def Info: sprints/Sprint02_SeniorCareManager-Frontend.pdf , page17 used on input line 55.
(pdftex.def)             Requested size: 478.04262pt x 676.06267pt.
File: sprints/Sprint02_SeniorCareManager-Frontend.pdf Graphic file (type pdf)
<use sprints/Sprint02_SeniorCareManager-Frontend.pdf, page 17>
Package pdftex.def Info: sprints/Sprint02_SeniorCareManager-Frontend.pdf , page17 used on input line 55.
(pdftex.def)             Requested size: 478.04262pt x 676.06267pt.
File: sprints/Sprint02_SeniorCareManager-Frontend.pdf Graphic file (type pdf)
<use sprints/Sprint02_SeniorCareManager-Frontend.pdf, page 17>
Package pdftex.def Info: sprints/Sprint02_SeniorCareManager-Frontend.pdf , page17 used on input line 55.
(pdftex.def)             Requested size: 478.04262pt x 676.06267pt.
 [119

 <./sprints/Sprint02_SeniorCareManager-Frontend.pdf>]
<sprints/Sprint02_SeniorCareManager-Frontend.pdf, id=1608, page=18, 597.55246pt x 845.07718pt>
File: sprints/Sprint02_SeniorCareManager-Frontend.pdf Graphic file (type pdf)
<use sprints/Sprint02_SeniorCareManager-Frontend.pdf, page 18>
Package pdftex.def Info: sprints/Sprint02_SeniorCareManager-Frontend.pdf , page18 used on input line 55.
(pdftex.def)             Requested size: 478.04262pt x 676.06267pt.
File: sprints/Sprint02_SeniorCareManager-Frontend.pdf Graphic file (type pdf)
<use sprints/Sprint02_SeniorCareManager-Frontend.pdf, page 18>
Package pdftex.def Info: sprints/Sprint02_SeniorCareManager-Frontend.pdf , page18 used on input line 55.
(pdftex.def)             Requested size: 478.04262pt x 676.06267pt.
File: sprints/Sprint02_SeniorCareManager-Frontend.pdf Graphic file (type pdf)
<use sprints/Sprint02_SeniorCareManager-Frontend.pdf, page 18>
Package pdftex.def Info: sprints/Sprint02_SeniorCareManager-Frontend.pdf , page18 used on input line 55.
(pdftex.def)             Requested size: 478.04262pt x 676.06267pt.
 [120

 <./sprints/Sprint02_SeniorCareManager-Frontend.pdf>]
<sprints/Sprint03_SeniorCareManager-Frontend.pdf, id=1615, 597.55246pt x 845.07724pt>
File: sprints/Sprint03_SeniorCareManager-Frontend.pdf Graphic file (type pdf)
<use sprints/Sprint03_SeniorCareManager-Frontend.pdf>
Package pdftex.def Info: sprints/Sprint03_SeniorCareManager-Frontend.pdf  used on input line 61.
(pdftex.def)             Requested size: 597.551pt x 845.07518pt.
<sprints/Sprint03_SeniorCareManager-Frontend.pdf, id=1617, page=1, 597.55246pt x 845.07724pt>
File: sprints/Sprint03_SeniorCareManager-Frontend.pdf Graphic file (type pdf)
<use sprints/Sprint03_SeniorCareManager-Frontend.pdf, page 1>
Package pdftex.def Info: sprints/Sprint03_SeniorCareManager-Frontend.pdf , page1 used on input line 61.
(pdftex.def)             Requested size: 597.551pt x 845.07518pt.
File: sprints/Sprint03_SeniorCareManager-Frontend.pdf Graphic file (type pdf)
<use sprints/Sprint03_SeniorCareManager-Frontend.pdf, page 1>
Package pdftex.def Info: sprints/Sprint03_SeniorCareManager-Frontend.pdf , page1 used on input line 61.
(pdftex.def)             Requested size: 478.04262pt x 676.06271pt.
File: sprints/Sprint03_SeniorCareManager-Frontend.pdf Graphic file (type pdf)
<use sprints/Sprint03_SeniorCareManager-Frontend.pdf, page 1>
Package pdftex.def Info: sprints/Sprint03_SeniorCareManager-Frontend.pdf , page1 used on input line 61.
(pdftex.def)             Requested size: 478.04262pt x 676.06271pt.
File: sprints/Sprint03_SeniorCareManager-Frontend.pdf Graphic file (type pdf)
<use sprints/Sprint03_SeniorCareManager-Frontend.pdf, page 1>
Package pdftex.def Info: sprints/Sprint03_SeniorCareManager-Frontend.pdf , page1 used on input line 61.
(pdftex.def)             Requested size: 478.04262pt x 676.06271pt.
File: sprints/Sprint03_SeniorCareManager-Frontend.pdf Graphic file (type pdf)
<use sprints/Sprint03_SeniorCareManager-Frontend.pdf, page 1>
Package pdftex.def Info: sprints/Sprint03_SeniorCareManager-Frontend.pdf , page1 used on input line 61.
(pdftex.def)             Requested size: 478.04262pt x 676.06271pt.
 [121

 <./sprints/Sprint03_SeniorCareManager-Frontend.pdf>]
File: sprints/Sprint03_SeniorCareManager-Frontend.pdf Graphic file (type pdf)
<use sprints/Sprint03_SeniorCareManager-Frontend.pdf>
Package pdftex.def Info: sprints/Sprint03_SeniorCareManager-Frontend.pdf  used on input line 66.
(pdftex.def)             Requested size: 597.551pt x 845.07518pt.
<sprints/Sprint03_SeniorCareManager-Frontend.pdf, id=1625, page=2, 597.55246pt x 845.07724pt>
File: sprints/Sprint03_SeniorCareManager-Frontend.pdf Graphic file (type pdf)
<use sprints/Sprint03_SeniorCareManager-Frontend.pdf, page 2>
Package pdftex.def Info: sprints/Sprint03_SeniorCareManager-Frontend.pdf , page2 used on input line 66.
(pdftex.def)             Requested size: 597.551pt x 845.07518pt.
File: sprints/Sprint03_SeniorCareManager-Frontend.pdf Graphic file (type pdf)
<use sprints/Sprint03_SeniorCareManager-Frontend.pdf, page 2>
Package pdftex.def Info: sprints/Sprint03_SeniorCareManager-Frontend.pdf , page2 used on input line 66.
(pdftex.def)             Requested size: 478.04262pt x 676.06271pt.
File: sprints/Sprint03_SeniorCareManager-Frontend.pdf Graphic file (type pdf)
<use sprints/Sprint03_SeniorCareManager-Frontend.pdf, page 2>
Package pdftex.def Info: sprints/Sprint03_SeniorCareManager-Frontend.pdf , page2 used on input line 66.
(pdftex.def)             Requested size: 478.04262pt x 676.06271pt.
File: sprints/Sprint03_SeniorCareManager-Frontend.pdf Graphic file (type pdf)
<use sprints/Sprint03_SeniorCareManager-Frontend.pdf, page 2>
Package pdftex.def Info: sprints/Sprint03_SeniorCareManager-Frontend.pdf , page2 used on input line 66.
(pdftex.def)             Requested size: 478.04262pt x 676.06271pt.
File: sprints/Sprint03_SeniorCareManager-Frontend.pdf Graphic file (type pdf)
<use sprints/Sprint03_SeniorCareManager-Frontend.pdf, page 2>
Package pdftex.def Info: sprints/Sprint03_SeniorCareManager-Frontend.pdf , page2 used on input line 66.
(pdftex.def)             Requested size: 478.04262pt x 676.06271pt.
 [122

 <./sprints/Sprint03_SeniorCareManager-Frontend.pdf>]
<sprints/Sprint04_SeniorCareManager-Frontend.pdf, id=1632, 597.55246pt x 845.07724pt>
File: sprints/Sprint04_SeniorCareManager-Frontend.pdf Graphic file (type pdf)
<use sprints/Sprint04_SeniorCareManager-Frontend.pdf>
Package pdftex.def Info: sprints/Sprint04_SeniorCareManager-Frontend.pdf  used on input line 72.
(pdftex.def)             Requested size: 597.551pt x 845.07518pt.
<sprints/Sprint04_SeniorCareManager-Frontend.pdf, id=1634, page=1, 597.55246pt x 845.07724pt>
File: sprints/Sprint04_SeniorCareManager-Frontend.pdf Graphic file (type pdf)
<use sprints/Sprint04_SeniorCareManager-Frontend.pdf, page 1>
Package pdftex.def Info: sprints/Sprint04_SeniorCareManager-Frontend.pdf , page1 used on input line 72.
(pdftex.def)             Requested size: 597.551pt x 845.07518pt.
File: sprints/Sprint04_SeniorCareManager-Frontend.pdf Graphic file (type pdf)
<use sprints/Sprint04_SeniorCareManager-Frontend.pdf, page 1>
Package pdftex.def Info: sprints/Sprint04_SeniorCareManager-Frontend.pdf , page1 used on input line 72.
(pdftex.def)             Requested size: 478.04262pt x 676.06271pt.
File: sprints/Sprint04_SeniorCareManager-Frontend.pdf Graphic file (type pdf)
<use sprints/Sprint04_SeniorCareManager-Frontend.pdf, page 1>
Package pdftex.def Info: sprints/Sprint04_SeniorCareManager-Frontend.pdf , page1 used on input line 72.
(pdftex.def)             Requested size: 478.04262pt x 676.06271pt.
File: sprints/Sprint04_SeniorCareManager-Frontend.pdf Graphic file (type pdf)
<use sprints/Sprint04_SeniorCareManager-Frontend.pdf, page 1>
Package pdftex.def Info: sprints/Sprint04_SeniorCareManager-Frontend.pdf , page1 used on input line 72.
(pdftex.def)             Requested size: 478.04262pt x 676.06271pt.
File: sprints/Sprint04_SeniorCareManager-Frontend.pdf Graphic file (type pdf)
<use sprints/Sprint04_SeniorCareManager-Frontend.pdf, page 1>
Package pdftex.def Info: sprints/Sprint04_SeniorCareManager-Frontend.pdf , page1 used on input line 72.
(pdftex.def)             Requested size: 478.04262pt x 676.06271pt.
 [123

 <./sprints/Sprint04_SeniorCareManager-Frontend.pdf>]
File: sprints/Sprint04_SeniorCareManager-Frontend.pdf Graphic file (type pdf)
<use sprints/Sprint04_SeniorCareManager-Frontend.pdf>
Package pdftex.def Info: sprints/Sprint04_SeniorCareManager-Frontend.pdf  used on input line 77.
(pdftex.def)             Requested size: 597.551pt x 845.07518pt.
<sprints/Sprint04_SeniorCareManager-Frontend.pdf, id=1642, page=2, 597.55246pt x 845.07724pt>
File: sprints/Sprint04_SeniorCareManager-Frontend.pdf Graphic file (type pdf)
<use sprints/Sprint04_SeniorCareManager-Frontend.pdf, page 2>
Package pdftex.def Info: sprints/Sprint04_SeniorCareManager-Frontend.pdf , page2 used on input line 77.
(pdftex.def)             Requested size: 597.551pt x 845.07518pt.
File: sprints/Sprint04_SeniorCareManager-Frontend.pdf Graphic file (type pdf)
<use sprints/Sprint04_SeniorCareManager-Frontend.pdf, page 2>
Package pdftex.def Info: sprints/Sprint04_SeniorCareManager-Frontend.pdf , page2 used on input line 77.
(pdftex.def)             Requested size: 478.04262pt x 676.06271pt.
File: sprints/Sprint04_SeniorCareManager-Frontend.pdf Graphic file (type pdf)
<use sprints/Sprint04_SeniorCareManager-Frontend.pdf, page 2>
Package pdftex.def Info: sprints/Sprint04_SeniorCareManager-Frontend.pdf , page2 used on input line 77.
(pdftex.def)             Requested size: 478.04262pt x 676.06271pt.
File: sprints/Sprint04_SeniorCareManager-Frontend.pdf Graphic file (type pdf)
<use sprints/Sprint04_SeniorCareManager-Frontend.pdf, page 2>
Package pdftex.def Info: sprints/Sprint04_SeniorCareManager-Frontend.pdf , page2 used on input line 77.
(pdftex.def)             Requested size: 478.04262pt x 676.06271pt.
File: sprints/Sprint04_SeniorCareManager-Frontend.pdf Graphic file (type pdf)
<use sprints/Sprint04_SeniorCareManager-Frontend.pdf, page 2>
Package pdftex.def Info: sprints/Sprint04_SeniorCareManager-Frontend.pdf , page2 used on input line 77.
(pdftex.def)             Requested size: 478.04262pt x 676.06271pt.
 [124

 <./sprints/Sprint04_SeniorCareManager-Frontend.pdf>]
<sprints/Sprint04_SeniorCareManager-Frontend.pdf, id=1648, page=3, 597.55246pt x 845.07724pt>
File: sprints/Sprint04_SeniorCareManager-Frontend.pdf Graphic file (type pdf)
<use sprints/Sprint04_SeniorCareManager-Frontend.pdf, page 3>
Package pdftex.def Info: sprints/Sprint04_SeniorCareManager-Frontend.pdf , page3 used on input line 77.
(pdftex.def)             Requested size: 478.04262pt x 676.06271pt.
File: sprints/Sprint04_SeniorCareManager-Frontend.pdf Graphic file (type pdf)
<use sprints/Sprint04_SeniorCareManager-Frontend.pdf, page 3>
Package pdftex.def Info: sprints/Sprint04_SeniorCareManager-Frontend.pdf , page3 used on input line 77.
(pdftex.def)             Requested size: 478.04262pt x 676.06271pt.
File: sprints/Sprint04_SeniorCareManager-Frontend.pdf Graphic file (type pdf)
<use sprints/Sprint04_SeniorCareManager-Frontend.pdf, page 3>
Package pdftex.def Info: sprints/Sprint04_SeniorCareManager-Frontend.pdf , page3 used on input line 77.
(pdftex.def)             Requested size: 478.04262pt x 676.06271pt.
 [125

 <./sprints/Sprint04_SeniorCareManager-Frontend.pdf>]
<sprints/Sprint04_SeniorCareManager-Frontend.pdf, id=1654, page=4, 597.55246pt x 845.07724pt>
File: sprints/Sprint04_SeniorCareManager-Frontend.pdf Graphic file (type pdf)
<use sprints/Sprint04_SeniorCareManager-Frontend.pdf, page 4>
Package pdftex.def Info: sprints/Sprint04_SeniorCareManager-Frontend.pdf , page4 used on input line 77.
(pdftex.def)             Requested size: 478.04262pt x 676.06271pt.
File: sprints/Sprint04_SeniorCareManager-Frontend.pdf Graphic file (type pdf)
<use sprints/Sprint04_SeniorCareManager-Frontend.pdf, page 4>
Package pdftex.def Info: sprints/Sprint04_SeniorCareManager-Frontend.pdf , page4 used on input line 77.
(pdftex.def)             Requested size: 478.04262pt x 676.06271pt.
File: sprints/Sprint04_SeniorCareManager-Frontend.pdf Graphic file (type pdf)
<use sprints/Sprint04_SeniorCareManager-Frontend.pdf, page 4>
Package pdftex.def Info: sprints/Sprint04_SeniorCareManager-Frontend.pdf , page4 used on input line 77.
(pdftex.def)             Requested size: 478.04262pt x 676.06271pt.
 [126

 <./sprints/Sprint04_SeniorCareManager-Frontend.pdf>]
<sprints/Sprint04_SeniorCareManager-Frontend.pdf, id=1660, page=5, 597.55246pt x 845.07724pt>
File: sprints/Sprint04_SeniorCareManager-Frontend.pdf Graphic file (type pdf)
<use sprints/Sprint04_SeniorCareManager-Frontend.pdf, page 5>
Package pdftex.def Info: sprints/Sprint04_SeniorCareManager-Frontend.pdf , page5 used on input line 77.
(pdftex.def)             Requested size: 478.04262pt x 676.06271pt.
File: sprints/Sprint04_SeniorCareManager-Frontend.pdf Graphic file (type pdf)
<use sprints/Sprint04_SeniorCareManager-Frontend.pdf, page 5>
Package pdftex.def Info: sprints/Sprint04_SeniorCareManager-Frontend.pdf , page5 used on input line 77.
(pdftex.def)             Requested size: 478.04262pt x 676.06271pt.
File: sprints/Sprint04_SeniorCareManager-Frontend.pdf Graphic file (type pdf)
<use sprints/Sprint04_SeniorCareManager-Frontend.pdf, page 5>
Package pdftex.def Info: sprints/Sprint04_SeniorCareManager-Frontend.pdf , page5 used on input line 77.
(pdftex.def)             Requested size: 478.04262pt x 676.06271pt.
 [127

 <./sprints/Sprint04_SeniorCareManager-Frontend.pdf>]
<sprints/Sprint04_SeniorCareManager-Frontend.pdf, id=1665, page=6, 597.55246pt x 845.07724pt>
File: sprints/Sprint04_SeniorCareManager-Frontend.pdf Graphic file (type pdf)
<use sprints/Sprint04_SeniorCareManager-Frontend.pdf, page 6>
Package pdftex.def Info: sprints/Sprint04_SeniorCareManager-Frontend.pdf , page6 used on input line 77.
(pdftex.def)             Requested size: 478.04262pt x 676.06271pt.
File: sprints/Sprint04_SeniorCareManager-Frontend.pdf Graphic file (type pdf)
<use sprints/Sprint04_SeniorCareManager-Frontend.pdf, page 6>
Package pdftex.def Info: sprints/Sprint04_SeniorCareManager-Frontend.pdf , page6 used on input line 77.
(pdftex.def)             Requested size: 478.04262pt x 676.06271pt.
File: sprints/Sprint04_SeniorCareManager-Frontend.pdf Graphic file (type pdf)
<use sprints/Sprint04_SeniorCareManager-Frontend.pdf, page 6>
Package pdftex.def Info: sprints/Sprint04_SeniorCareManager-Frontend.pdf , page6 used on input line 77.
(pdftex.def)             Requested size: 478.04262pt x 676.06271pt.
 [128

 <./sprints/Sprint04_SeniorCareManager-Frontend.pdf>]
<sprints/Sprint04_SeniorCareManager-Frontend.pdf, id=1671, page=7, 597.55246pt x 845.07724pt>
File: sprints/Sprint04_SeniorCareManager-Frontend.pdf Graphic file (type pdf)
<use sprints/Sprint04_SeniorCareManager-Frontend.pdf, page 7>
Package pdftex.def Info: sprints/Sprint04_SeniorCareManager-Frontend.pdf , page7 used on input line 77.
(pdftex.def)             Requested size: 478.04262pt x 676.06271pt.
File: sprints/Sprint04_SeniorCareManager-Frontend.pdf Graphic file (type pdf)
<use sprints/Sprint04_SeniorCareManager-Frontend.pdf, page 7>
Package pdftex.def Info: sprints/Sprint04_SeniorCareManager-Frontend.pdf , page7 used on input line 77.
(pdftex.def)             Requested size: 478.04262pt x 676.06271pt.
File: sprints/Sprint04_SeniorCareManager-Frontend.pdf Graphic file (type pdf)
<use sprints/Sprint04_SeniorCareManager-Frontend.pdf, page 7>
Package pdftex.def Info: sprints/Sprint04_SeniorCareManager-Frontend.pdf , page7 used on input line 77.
(pdftex.def)             Requested size: 478.04262pt x 676.06271pt.
 [129

 <./sprints/Sprint04_SeniorCareManager-Frontend.pdf>]
<sprints/Sprint04_SeniorCareManager-Frontend.pdf, id=1678, page=8, 597.55246pt x 845.07724pt>
File: sprints/Sprint04_SeniorCareManager-Frontend.pdf Graphic file (type pdf)
<use sprints/Sprint04_SeniorCareManager-Frontend.pdf, page 8>
Package pdftex.def Info: sprints/Sprint04_SeniorCareManager-Frontend.pdf , page8 used on input line 77.
(pdftex.def)             Requested size: 478.04262pt x 676.06271pt.
File: sprints/Sprint04_SeniorCareManager-Frontend.pdf Graphic file (type pdf)
<use sprints/Sprint04_SeniorCareManager-Frontend.pdf, page 8>
Package pdftex.def Info: sprints/Sprint04_SeniorCareManager-Frontend.pdf , page8 used on input line 77.
(pdftex.def)             Requested size: 478.04262pt x 676.06271pt.
File: sprints/Sprint04_SeniorCareManager-Frontend.pdf Graphic file (type pdf)
<use sprints/Sprint04_SeniorCareManager-Frontend.pdf, page 8>
Package pdftex.def Info: sprints/Sprint04_SeniorCareManager-Frontend.pdf , page8 used on input line 77.
(pdftex.def)             Requested size: 478.04262pt x 676.06271pt.
 [130

 <./sprints/Sprint04_SeniorCareManager-Frontend.pdf>]
<sprints/Sprint04_SeniorCareManager-Frontend.pdf, id=1686, page=9, 597.55246pt x 845.07724pt>
File: sprints/Sprint04_SeniorCareManager-Frontend.pdf Graphic file (type pdf)
<use sprints/Sprint04_SeniorCareManager-Frontend.pdf, page 9>
Package pdftex.def Info: sprints/Sprint04_SeniorCareManager-Frontend.pdf , page9 used on input line 77.
(pdftex.def)             Requested size: 478.04262pt x 676.06271pt.
File: sprints/Sprint04_SeniorCareManager-Frontend.pdf Graphic file (type pdf)
<use sprints/Sprint04_SeniorCareManager-Frontend.pdf, page 9>
Package pdftex.def Info: sprints/Sprint04_SeniorCareManager-Frontend.pdf , page9 used on input line 77.
(pdftex.def)             Requested size: 478.04262pt x 676.06271pt.
File: sprints/Sprint04_SeniorCareManager-Frontend.pdf Graphic file (type pdf)
<use sprints/Sprint04_SeniorCareManager-Frontend.pdf, page 9>
Package pdftex.def Info: sprints/Sprint04_SeniorCareManager-Frontend.pdf , page9 used on input line 77.
(pdftex.def)             Requested size: 478.04262pt x 676.06271pt.
 [131

 <./sprints/Sprint04_SeniorCareManager-Frontend.pdf>]
<sprints/Sprint05_SeniorCareManager-Frontend.pdf, id=1693, 597.55246pt x 845.07724pt>
File: sprints/Sprint05_SeniorCareManager-Frontend.pdf Graphic file (type pdf)
<use sprints/Sprint05_SeniorCareManager-Frontend.pdf>
Package pdftex.def Info: sprints/Sprint05_SeniorCareManager-Frontend.pdf  used on input line 83.
(pdftex.def)             Requested size: 597.551pt x 845.07518pt.
<sprints/Sprint05_SeniorCareManager-Frontend.pdf, id=1695, page=1, 597.55246pt x 845.07724pt>
File: sprints/Sprint05_SeniorCareManager-Frontend.pdf Graphic file (type pdf)
<use sprints/Sprint05_SeniorCareManager-Frontend.pdf, page 1>
Package pdftex.def Info: sprints/Sprint05_SeniorCareManager-Frontend.pdf , page1 used on input line 83.
(pdftex.def)             Requested size: 597.551pt x 845.07518pt.
File: sprints/Sprint05_SeniorCareManager-Frontend.pdf Graphic file (type pdf)
<use sprints/Sprint05_SeniorCareManager-Frontend.pdf, page 1>
Package pdftex.def Info: sprints/Sprint05_SeniorCareManager-Frontend.pdf , page1 used on input line 83.
(pdftex.def)             Requested size: 478.04262pt x 676.06271pt.
File: sprints/Sprint05_SeniorCareManager-Frontend.pdf Graphic file (type pdf)
<use sprints/Sprint05_SeniorCareManager-Frontend.pdf, page 1>
Package pdftex.def Info: sprints/Sprint05_SeniorCareManager-Frontend.pdf , page1 used on input line 83.
(pdftex.def)             Requested size: 478.04262pt x 676.06271pt.
File: sprints/Sprint05_SeniorCareManager-Frontend.pdf Graphic file (type pdf)
<use sprints/Sprint05_SeniorCareManager-Frontend.pdf, page 1>
Package pdftex.def Info: sprints/Sprint05_SeniorCareManager-Frontend.pdf , page1 used on input line 83.
(pdftex.def)             Requested size: 478.04262pt x 676.06271pt.
File: sprints/Sprint05_SeniorCareManager-Frontend.pdf Graphic file (type pdf)
<use sprints/Sprint05_SeniorCareManager-Frontend.pdf, page 1>
Package pdftex.def Info: sprints/Sprint05_SeniorCareManager-Frontend.pdf , page1 used on input line 83.
(pdftex.def)             Requested size: 478.04262pt x 676.06271pt.
 [132

 <./sprints/Sprint05_SeniorCareManager-Frontend.pdf>]
File: sprints/Sprint05_SeniorCareManager-Frontend.pdf Graphic file (type pdf)
<use sprints/Sprint05_SeniorCareManager-Frontend.pdf>
Package pdftex.def Info: sprints/Sprint05_SeniorCareManager-Frontend.pdf  used on input line 88.
(pdftex.def)             Requested size: 597.551pt x 845.07518pt.
<sprints/Sprint05_SeniorCareManager-Frontend.pdf, id=1704, page=2, 597.55246pt x 845.07724pt>
File: sprints/Sprint05_SeniorCareManager-Frontend.pdf Graphic file (type pdf)
<use sprints/Sprint05_SeniorCareManager-Frontend.pdf, page 2>
Package pdftex.def Info: sprints/Sprint05_SeniorCareManager-Frontend.pdf , page2 used on input line 88.
(pdftex.def)             Requested size: 597.551pt x 845.07518pt.
File: sprints/Sprint05_SeniorCareManager-Frontend.pdf Graphic file (type pdf)
<use sprints/Sprint05_SeniorCareManager-Frontend.pdf, page 2>
Package pdftex.def Info: sprints/Sprint05_SeniorCareManager-Frontend.pdf , page2 used on input line 88.
(pdftex.def)             Requested size: 478.04262pt x 676.06271pt.
File: sprints/Sprint05_SeniorCareManager-Frontend.pdf Graphic file (type pdf)
<use sprints/Sprint05_SeniorCareManager-Frontend.pdf, page 2>
Package pdftex.def Info: sprints/Sprint05_SeniorCareManager-Frontend.pdf , page2 used on input line 88.
(pdftex.def)             Requested size: 478.04262pt x 676.06271pt.
File: sprints/Sprint05_SeniorCareManager-Frontend.pdf Graphic file (type pdf)
<use sprints/Sprint05_SeniorCareManager-Frontend.pdf, page 2>
Package pdftex.def Info: sprints/Sprint05_SeniorCareManager-Frontend.pdf , page2 used on input line 88.
(pdftex.def)             Requested size: 478.04262pt x 676.06271pt.
File: sprints/Sprint05_SeniorCareManager-Frontend.pdf Graphic file (type pdf)
<use sprints/Sprint05_SeniorCareManager-Frontend.pdf, page 2>
Package pdftex.def Info: sprints/Sprint05_SeniorCareManager-Frontend.pdf , page2 used on input line 88.
(pdftex.def)             Requested size: 478.04262pt x 676.06271pt.
 [133

 <./sprints/Sprint05_SeniorCareManager-Frontend.pdf>]
<sprints/Sprint05_SeniorCareManager-Frontend.pdf, id=1709, page=3, 597.55246pt x 845.07724pt>
File: sprints/Sprint05_SeniorCareManager-Frontend.pdf Graphic file (type pdf)
<use sprints/Sprint05_SeniorCareManager-Frontend.pdf, page 3>
Package pdftex.def Info: sprints/Sprint05_SeniorCareManager-Frontend.pdf , page3 used on input line 88.
(pdftex.def)             Requested size: 478.04262pt x 676.06271pt.
File: sprints/Sprint05_SeniorCareManager-Frontend.pdf Graphic file (type pdf)
<use sprints/Sprint05_SeniorCareManager-Frontend.pdf, page 3>
Package pdftex.def Info: sprints/Sprint05_SeniorCareManager-Frontend.pdf , page3 used on input line 88.
(pdftex.def)             Requested size: 478.04262pt x 676.06271pt.
File: sprints/Sprint05_SeniorCareManager-Frontend.pdf Graphic file (type pdf)
<use sprints/Sprint05_SeniorCareManager-Frontend.pdf, page 3>
Package pdftex.def Info: sprints/Sprint05_SeniorCareManager-Frontend.pdf , page3 used on input line 88.
(pdftex.def)             Requested size: 478.04262pt x 676.06271pt.
 [134

 <./sprints/Sprint05_SeniorCareManager-Frontend.pdf>]
<sprints/Sprint05_SeniorCareManager-Frontend.pdf, id=1714, page=4, 597.55246pt x 845.07724pt>
File: sprints/Sprint05_SeniorCareManager-Frontend.pdf Graphic file (type pdf)
<use sprints/Sprint05_SeniorCareManager-Frontend.pdf, page 4>
Package pdftex.def Info: sprints/Sprint05_SeniorCareManager-Frontend.pdf , page4 used on input line 88.
(pdftex.def)             Requested size: 478.04262pt x 676.06271pt.
File: sprints/Sprint05_SeniorCareManager-Frontend.pdf Graphic file (type pdf)
<use sprints/Sprint05_SeniorCareManager-Frontend.pdf, page 4>
Package pdftex.def Info: sprints/Sprint05_SeniorCareManager-Frontend.pdf , page4 used on input line 88.
(pdftex.def)             Requested size: 478.04262pt x 676.06271pt.
File: sprints/Sprint05_SeniorCareManager-Frontend.pdf Graphic file (type pdf)
<use sprints/Sprint05_SeniorCareManager-Frontend.pdf, page 4>
Package pdftex.def Info: sprints/Sprint05_SeniorCareManager-Frontend.pdf , page4 used on input line 88.
(pdftex.def)             Requested size: 478.04262pt x 676.06271pt.
 [135

 <./sprints/Sprint05_SeniorCareManager-Frontend.pdf>]
<sprints/Sprint05_SeniorCareManager-Frontend.pdf, id=1720, page=5, 597.55246pt x 845.07724pt>
File: sprints/Sprint05_SeniorCareManager-Frontend.pdf Graphic file (type pdf)
<use sprints/Sprint05_SeniorCareManager-Frontend.pdf, page 5>
Package pdftex.def Info: sprints/Sprint05_SeniorCareManager-Frontend.pdf , page5 used on input line 88.
(pdftex.def)             Requested size: 478.04262pt x 676.06271pt.
File: sprints/Sprint05_SeniorCareManager-Frontend.pdf Graphic file (type pdf)
<use sprints/Sprint05_SeniorCareManager-Frontend.pdf, page 5>
Package pdftex.def Info: sprints/Sprint05_SeniorCareManager-Frontend.pdf , page5 used on input line 88.
(pdftex.def)             Requested size: 478.04262pt x 676.06271pt.
File: sprints/Sprint05_SeniorCareManager-Frontend.pdf Graphic file (type pdf)
<use sprints/Sprint05_SeniorCareManager-Frontend.pdf, page 5>
Package pdftex.def Info: sprints/Sprint05_SeniorCareManager-Frontend.pdf , page5 used on input line 88.
(pdftex.def)             Requested size: 478.04262pt x 676.06271pt.
 [136

 <./sprints/Sprint05_SeniorCareManager-Frontend.pdf>]
<sprints/Sprint05_SeniorCareManager-Frontend.pdf, id=1727, page=6, 597.55246pt x 845.07724pt>
File: sprints/Sprint05_SeniorCareManager-Frontend.pdf Graphic file (type pdf)
<use sprints/Sprint05_SeniorCareManager-Frontend.pdf, page 6>
Package pdftex.def Info: sprints/Sprint05_SeniorCareManager-Frontend.pdf , page6 used on input line 88.
(pdftex.def)             Requested size: 478.04262pt x 676.06271pt.
File: sprints/Sprint05_SeniorCareManager-Frontend.pdf Graphic file (type pdf)
<use sprints/Sprint05_SeniorCareManager-Frontend.pdf, page 6>
Package pdftex.def Info: sprints/Sprint05_SeniorCareManager-Frontend.pdf , page6 used on input line 88.
(pdftex.def)             Requested size: 478.04262pt x 676.06271pt.
File: sprints/Sprint05_SeniorCareManager-Frontend.pdf Graphic file (type pdf)
<use sprints/Sprint05_SeniorCareManager-Frontend.pdf, page 6>
Package pdftex.def Info: sprints/Sprint05_SeniorCareManager-Frontend.pdf , page6 used on input line 88.
(pdftex.def)             Requested size: 478.04262pt x 676.06271pt.
 [137

 <./sprints/Sprint05_SeniorCareManager-Frontend.pdf>]
<sprints/Sprint05_SeniorCareManager-Frontend.pdf, id=1733, page=7, 597.55246pt x 845.07724pt>
File: sprints/Sprint05_SeniorCareManager-Frontend.pdf Graphic file (type pdf)
<use sprints/Sprint05_SeniorCareManager-Frontend.pdf, page 7>
Package pdftex.def Info: sprints/Sprint05_SeniorCareManager-Frontend.pdf , page7 used on input line 88.
(pdftex.def)             Requested size: 478.04262pt x 676.06271pt.
File: sprints/Sprint05_SeniorCareManager-Frontend.pdf Graphic file (type pdf)
<use sprints/Sprint05_SeniorCareManager-Frontend.pdf, page 7>
Package pdftex.def Info: sprints/Sprint05_SeniorCareManager-Frontend.pdf , page7 used on input line 88.
(pdftex.def)             Requested size: 478.04262pt x 676.06271pt.
File: sprints/Sprint05_SeniorCareManager-Frontend.pdf Graphic file (type pdf)
<use sprints/Sprint05_SeniorCareManager-Frontend.pdf, page 7>
Package pdftex.def Info: sprints/Sprint05_SeniorCareManager-Frontend.pdf , page7 used on input line 88.
(pdftex.def)             Requested size: 478.04262pt x 676.06271pt.
 [138

 <./sprints/Sprint05_SeniorCareManager-Frontend.pdf>]
<sprints/Sprint05_SeniorCareManager-Frontend.pdf, id=1741, page=8, 597.55246pt x 845.07724pt>
File: sprints/Sprint05_SeniorCareManager-Frontend.pdf Graphic file (type pdf)
<use sprints/Sprint05_SeniorCareManager-Frontend.pdf, page 8>
Package pdftex.def Info: sprints/Sprint05_SeniorCareManager-Frontend.pdf , page8 used on input line 88.
(pdftex.def)             Requested size: 478.04262pt x 676.06271pt.
File: sprints/Sprint05_SeniorCareManager-Frontend.pdf Graphic file (type pdf)
<use sprints/Sprint05_SeniorCareManager-Frontend.pdf, page 8>
Package pdftex.def Info: sprints/Sprint05_SeniorCareManager-Frontend.pdf , page8 used on input line 88.
(pdftex.def)             Requested size: 478.04262pt x 676.06271pt.
File: sprints/Sprint05_SeniorCareManager-Frontend.pdf Graphic file (type pdf)
<use sprints/Sprint05_SeniorCareManager-Frontend.pdf, page 8>
Package pdftex.def Info: sprints/Sprint05_SeniorCareManager-Frontend.pdf , page8 used on input line 88.
(pdftex.def)             Requested size: 478.04262pt x 676.06271pt.
 [139

 <./sprints/Sprint05_SeniorCareManager-Frontend.pdf>]
<sprints/Sprint05_SeniorCareManager-Frontend.pdf, id=1750, page=9, 597.55246pt x 845.07724pt>
File: sprints/Sprint05_SeniorCareManager-Frontend.pdf Graphic file (type pdf)
<use sprints/Sprint05_SeniorCareManager-Frontend.pdf, page 9>
Package pdftex.def Info: sprints/Sprint05_SeniorCareManager-Frontend.pdf , page9 used on input line 88.
(pdftex.def)             Requested size: 478.04262pt x 676.06271pt.
File: sprints/Sprint05_SeniorCareManager-Frontend.pdf Graphic file (type pdf)
<use sprints/Sprint05_SeniorCareManager-Frontend.pdf, page 9>
Package pdftex.def Info: sprints/Sprint05_SeniorCareManager-Frontend.pdf , page9 used on input line 88.
(pdftex.def)             Requested size: 478.04262pt x 676.06271pt.
File: sprints/Sprint05_SeniorCareManager-Frontend.pdf Graphic file (type pdf)
<use sprints/Sprint05_SeniorCareManager-Frontend.pdf, page 9>
Package pdftex.def Info: sprints/Sprint05_SeniorCareManager-Frontend.pdf , page9 used on input line 88.
(pdftex.def)             Requested size: 478.04262pt x 676.06271pt.
 [140

 <./sprints/Sprint05_SeniorCareManager-Frontend.pdf>])
\openout2 = `conclusao.aux'.

 (conclusao.tex
Cap\'{\i }tulo 8.
) [141




] [142



] [143] [144] [145] [146]
\tf@lof=\write6
\openout6 = `extensao.lof'.

\tf@lot=\write7
\openout7 = `extensao.lot'.

\tf@loq=\write8
\openout8 = `extensao.loq'.

\tf@toc=\write9
\openout9 = `extensao.toc'.

 
enddocument/afterlastpage (AED): lastpage setting LastPage.
(extensao.aux (pretextual/capa.aux) (pretextual/resumos.aux) (01Projeto.aux) (02Horas.aux) (conclusao.aux))
 ***********
LaTeX2e <2025-11-01>
L3 programming layer <2020/03/25>
 ***********
Package logreq Info: Writing requests to 'extensao.run.xml'.
\openout1 = `extensao.run.xml'.

 ) 
Here is how much of TeX's memory you used:
 34131 strings out of 467871
 615926 string characters out of 5414953
 1739605 words of memory out of 5000000
 61535 multiletter control sequences out of 15000+600000
 721863 words of font info for 294 fonts, out of 8000000 for 9000
 1141 hyphenation exceptions out of 8191
 99i,18n,107p,2455b,4310s stack positions out of 10000i,1000n,20000p,200000b,200000s
<C:/Users/Yasmin Moura/AppData/Local/Programs/MiKTeX/fonts/type1/public/lm/lmbx10.pfb><C:/Users/Yasmin Moura/AppData/Local/Programs/MiKTeX/fonts/type1/public/lm/lmbx12.pfb><C:/Users/Yasmin Moura/AppData/Local/Programs/MiKTeX/fonts/type1/public/lm/lmr10.pfb><C:/Users/Yasmin Moura/AppData/Local/Programs/MiKTeX/fonts/type1/public/lm/lmr12.pfb><C:/Users/Yasmin Moura/AppData/Local/Programs/MiKTeX/fonts/type1/public/lm/lmr9.pfb><C:/Users/Yasmin Moura/AppData/Local/Programs/MiKTeX/fonts/type1/public/lm/lmri10.pfb><C:/Users/Yasmin Moura/AppData/Local/Programs/MiKTeX/fonts/type1/public/lm/lmri12.pfb><C:/Users/Yasmin Moura/AppData/Local/Programs/MiKTeX/fonts/type1/public/lm/lmss12.pfb><C:/Users/Yasmin Moura/AppData/Local/Programs/MiKTeX/fonts/type1/public/lm/lmss17.pfb><C:/Users/Yasmin Moura/AppData/Local/Programs/MiKTeX/fonts/type1/public/lm/lmssbx10.pfb><C:/Users/Yasmin Moura/AppData/Local/Programs/MiKTeX/fonts/type1/public/lm/lmsy10.pfb><C:/Users/Yasmin Moura/AppData/Local/Programs/MiKTeX/fonts/type1/public/lm/lmtk10.pfb><C:/Users/Yasmin Moura/AppData/Local/Programs/MiKTeX/fonts/type1/public/lm/lmtt10.pfb><C:/Users/Yasmin Moura/AppData/Local/Programs/MiKTeX/fonts/type1/public/lm/lmtt12.pfb>
Output written on extensao.pdf (147 pages, 13522737 bytes).
PDF statistics:
 2267 PDF objects out of 2487 (max. 8388607)
 547 named destinations out of 1000 (max. 500000)
 53685 words of extra memory for PDF output out of 61914 (max. 10000000)

